Camp_Name,governorate,district,coordinates_latitude,coordinates_longitude,site_ssid,site_active,site_typology,date,shelter_types/tent,shelter_types/unfinished_building,shelter_types/abandoned_building,shelter_types/improvised_shelter,shelter_types/prefab,shelter_types/school,shelter_types/religious,shelter_types/private,shelter_types/public,shelter_types/military,shelter_types/open_air,shelter_types/others,other_shelter_type,hh/total_families,hh/total_families_confirm,background/date_first_occupied,background/district_aoo,background/males_0_4,background/females_0_4,background/males_5_17,background/females_5_17,background/males_18_59,background/females_18_59,background/males_60_over,background/females_60_over,background/hh_ages/total_population,background/hh_ages/total_population_confirm,vulnerabilities_groups/F_HoH,vulnerabilities_groups/Child_HoH,vulnerabilities_groups/unaccompanied,vulnerabilities_groups/ppl_physical_dis,vulnerabilities_groups/ppl_mental_dis,vulnerabilities_groups/preg_or_lac,vulnerabilities_groups/ppl_chronic_disease,vulnerabilities_groups/elderly_at_risk,vulnerabilities_groups/widow,social_cohesion/tension,social_cohesion/owner,social_cohesion/whatform,social_cohesion/whatarrangement,social_cohesion/eviction,social_cohesion/evict_when,social_cohesion/intentions,social_cohesion/governorate_move,social_cohesion/leadership,social_cohesion/leadership_structure_who,social_cohesion/leadership_structure_who/elder_religious_leaders,social_cohesion/leadership_structure_who/camp_committee,social_cohesion/leadership_structure_who/local_auth,social_cohesion/leadership_structure_who/other,social_cohesion/leadership_structure_who/none,social_cohesion/leadership_structure_other,social_cohesion/comments_sc,physical_environment/chemicals,physical_environment/mines,physical_environment/hazardous_site,physical_environment/electric,physical_environment/elec_concerns,physical_environment/elec_concerns/no_electricity,physical_environment/elec_concerns/poor_wiring,physical_environment/elec_concerns/low_uncovered_points,physical_environment/elec_concerns/points_near_water,physical_environment/elec_concerns/overloaded_circuits,physical_environment/elec_concerns/non,physical_environment/elec_concerns/other,physical_environment/elec_concerns_others,physical_environment/fire_equipment,physical_environment/fire_equipment/fire_extinguishers,physical_environment/fire_equipment/fire_blankets,physical_environment/fire_equipment/sand_buckets,physical_environment/fire_equipment/smoke_detectors,physical_environment/fire_equipment/none,physical_environment/fire_equipment/other,physical_environment/fire_equipment_others,physical_environment/dis_access,physical_environment/comments_pc,wash/water_access,wash/water_qual,wash/water_infas,wash/water_amount,wash/water_amount_figure,showers/ind_hh_showers,showers/womenshower,showers/menshower,showers/mixedshower,showers/nonfunctionalshowers,latrines/ind_hh_latrines,latrines/womenlatrine,latrines/menlatrine,latrines/mixedlatrine,latrines/nonfunctionallatrines,l_s_protection/showers_lock,l_s_protection/showers_light,l_s_protection/latrines_lock,l_s_protection/latrines_light,sanitation/soap,sanitation/functional_taps,sanitation/drinking,sanitation/drinking/illegal,sanitation/drinking/treatment_plant,sanitation/drinking/trucking,sanitation/drinking/broken_pipe,sanitation/drinking/natural_source,sanitation/drinking/public_well,sanitation/drinking/municipality,sanitation/drinking/purchase,sanitation/drinking/private_well,sanitation/drinking/borehole,sanitation/drinking/none,sanitation/flooding,sanitation/open_def,sanitation/septic_tank,sanitation/wastefrequency,sanitation/comments_wash,physical_conditions/person_hazards,physical_conditions/falling_hazards,physical_conditions/elements,physical_conditions/damage,physical_conditions/overcrowding,physical_conditions/window_damage,physical_conditions/door_damage,physical_conditions/roof_damage,physical_conditions/structure_injury_risk,physical_conditions/comments_physical_conditions,nfi_shelter/cleaning_material,nfi_shelter/winter_season,nfi_shelter/w_nfi,nfi_shelter/summer_season,nfi_shelter/s_nfi,nfi_shelter/tool_kit,nfi_items/nfi_availability,nfi_items/blankets,nfi_items/mattress,nfi_items/water_container,nfi_items/oven,nfi_items/kitchen_nfi,nfi_items/hygiene,nfi_items/feminine,nfi_items/other_nfi_items,nfi_other/other_specify,nfi_other/comments_s_nfi,health/health_services,health/health_services_preg,health/access_difficulty,health/difficulty_type,health/difficulty_type/healthcare_cost,health/difficulty_type/unqualified_staff_hosp,health/difficulty_type/unqualified_staff_phc,health/difficulty_type/unable_purchase_meds_at_pharm,health/difficulty_type/language_barrier,health/difficulty_type/refused_treatment,health/difficulty_type/no_medicine_hosp,health/difficulty_type/no_medicine_pharm,health/difficulty_type/no_medicine_phc,health/difficulty_type/no_transport,health/difficulty_type/no_offered_treatment_phc,health/difficulty_type/no_offered_treatment_hosp,health/difficulty_type/civ_docs_problems,health/difficulty_type/no_referral_phc,health/difficulty_type/phc_closed,health/difficulty_type/distance_to_treatmentcenter,health/difficulty_type/other,health/pyschosocial_support,health/pyschosocial_support/trauma_support,health/pyschosocial_support/gbv_support,health/ilness_type,health/ilness_type/diarrhoea,health/ilness_type/cholera,health/ilness_type/typhoid,health/ilness_type/hepatitis_A_E,health/ilness_type/soil_transmitted_helminths,health/ilness_type/skin_disease,health/ilness_type/other,health/ilness_type/do_not_know,health/comments_health,food_security/food_access,food_security/food_assistance_freq,food_security/food_assistance_type,food_security/food_assistance_type/dry_ration,food_security/food_assistance_type/wet_feeding,food_security/food_assistance_type/ready_to_eat_box,food_security/food_assistance_type/cash,food_security/food_assistance_type/voucher,food_security/main_concern,food_security/main_concern/main_concern1,food_security/main_concern/main_concern2,food_security/main_concern/main_concern3,food_security/main_concern/main_concern4,food_security/main_concern/main_concern5,food_security/main_concern/main_concern6,food_security/main_concern/main_concern7,food_security/main_concern/main_concern8,food_security/main_concern/main_concern9,food_security/other_concern,food_security/food_storage,food_security/comments_health,protection/security_incidents,protection/security_by_whom,protection/security_by_whom/host_comm,protection/security_by_whom/armed_forces,protection/security_by_whom/local_auth,protection/security_by_whom/other,protection/security_by_whom/choose_not_answer,protection/security_by_whom_other,protection/security_nearby,protection/security_menboys,protection/security_womengirls,protection/safety_m_b,protection/safety_m_b/in_shelters,protection/safety_m_b/specific_areas_in_the_camp,protection/safety_m_b/water_point,protection/safety_m_b/latrines,protection/safety_m_b/bathing,protection/safety_m_b/market,protection/safety_m_b/school,protection/safety_m_b/health_centre,protection/safety_m_b/feeding_distribution_centre,protection/safety_m_b/none,protection/safety_m_b/other,protection/safety_m_b/chose_not_answer,protection/safety_w_g,protection/safety_w_g/in_shelters,protection/safety_w_g/specific_areas_in_the_camp,protection/safety_w_g/water_point,protection/safety_w_g/latrines,protection/safety_w_g/bathing,protection/safety_w_g/market,protection/safety_w_g/school,protection/safety_w_g/health_centre,protection/safety_w_g/feeding_distribution_centre,protection/safety_w_g/none,protection/safety_w_g/other,protection/safety_w_g/chose_not_answer,protection/reg_MoDM,protection/civil_documents,protection/comments_protection,livelihoods/income,livelihoods/comments_livelihoods,education/formal_education,education/nonformal_education,education/pfa_pss,education/teachers,education/teacher_number,education/comments_education,Needs/priority_needs,Needs/priority_needs/documentation,Needs/priority_needs/education,Needs/priority_needs/employment,Needs/priority_needs/Food,Needs/priority_needs/language,Needs/priority_needs/Medical_care,Needs/priority_needs/Psychosocial_Support,Needs/priority_needs/shelter_support,Needs/priority_needs/Water,Needs/priority_needs/registration,Needs/priority_needs/Sanitation,Needs/priority_needs/vocational_training,Needs/priority_needs/footwear,Needs/priority_needs/clothing,Needs/priority_needs/summerization,Needs/priority_needs/other,Needs/other_priority_needs
Almuafaqiya infront off gas station,Wassit,Hai,32.27529619,45.92822538,IQ1603-0006,yes,collective_shelter,2/16/17,0,0,12,0,0,0,0,0,0,0,0,0,,12,yes,8/13/14,Mosul,6,4,9,7,16,18,3,2,65,yes,0,0,0,1,0,1,5,0,0,no,publ,none,,no,,stay,,yes,other,FALSE,FALSE,FALSE,TRUE,FALSE,Mukhtar of the area,,no,no_risk,no,less_25%,"poor, wiring low, uncovered, points overloaded, circuits",FALSE,TRUE,TRUE,FALSE,TRUE,FALSE,FALSE,,none,FALSE,FALSE,FALSE,FALSE,TRUE,FALSE,,yes,,less_25%,clean_water,btw_50%_75%,no,,2,0,0,0,0,4,0,0,0,0,yes,less_25%,yes,less_25%,yes,4,purchase,FALSE,FALSE,FALSE,FALSE,FALSE,FALSE,FALSE,TRUE,FALSE,FALSE,FALSE,no,no,no,every_week,,no,no,less_25%,btw_50%_75%,yes,btw_25%_50%,btw_25%_50%,less_25%,no,,yes,btw_25%_50%,jerrycan_for_kerosene,btw_25%_50%,coolbox,no,,btw_50_75_percent,btw_50_75_percent,btw_25_50_percent,btw_50_75_percent,btw_25_50_percent,btw_25_50_percent,btw_25_50_percent,btw_25_50_percent,Kerosene and a stove,,yes,yes,yes,unable_purchase_meds_at_pharm,FALSE,FALSE,FALSE,TRUE,FALSE,FALSE,FALSE,FALSE,FALSE,FALSE,FALSE,FALSE,FALSE,FALSE,FALSE,FALSE,FALSE,trauma_support,TRUE,FALSE,other,FALSE,FALSE,FALSE,FALSE,FALSE,FALSE,TRUE,FALSE,,yes,every_month,dry_ration,TRUE,FALSE,FALSE,FALSE,FALSE,main_concern6,FALSE,FALSE,FALSE,FALSE,FALSE,TRUE,FALSE,FALSE,FALSE,,yes,oil,no,,,,,,,,no,no,no,none,FALSE,FALSE,FALSE,FALSE,FALSE,FALSE,FALSE,FALSE,FALSE,TRUE,FALSE,FALSE,none,FALSE,FALSE,FALSE,FALSE,FALSE,FALSE,FALSE,FALSE,FALSE,TRUE,FALSE,FALSE,more_75%,no,,btw_25%_50%,,yes,no,no,no,,,employment shelter_support summerization,FALSE,FALSE,TRUE,FALSE,FALSE,FALSE,FALSE,TRUE,FALSE,FALSE,FALSE,FALSE,FALSE,FALSE,TRUE,FALSE,
Alzahraa 1045,Kerbala,Kerbala,32.49588831,44.14200074,IQ1202-0430-033,yes,collective_shelter,2/16/17,0,0,0,0,0,0,5,0,0,0,0,0,,5,yes,7/15/14,Telafar,2,2,4,6,7,6,0,0,27,yes,0,0,0,0,1,0,0,0,0,no,priv,inf,free,no,,stay,,yes,other,FALSE,FALSE,FALSE,TRUE,FALSE,Mukhtar of the area,,no,no_risk,no,less_25%,non,FALSE,FALSE,FALSE,FALSE,FALSE,TRUE,FALSE,,none,FALSE,FALSE,FALSE,FALSE,TRUE,FALSE,,yes,,btw_50%_75%,clean_water,btw_25%_50%,no,,4,0,0,0,0,10,0,0,0,0,yes,btw_25%_50%,yes,less_25%,yes,10,purchase,FALSE,FALSE,FALSE,FALSE,FALSE,FALSE,FALSE,TRUE,FALSE,FALSE,FALSE,no,no,no_septic_tank,every_week,,no,no,less_25%,less_25%,no,less_25%,less_25%,less_25%,no,,yes,btw_25%_50%,jerrycan_for_kerosene,btw_25%_50%,coolbox,no,,btw_50_75_percent,btw_50_75_percent,btw_50_75_percent,btw_50_75_percent,btw_50_75_percent,btw_25_50_percent,btw_25_50_percent,btw_50_75_percent,matresses and blankets,,yes,yes,no,,,,,,,,,,,,,,,,,,,trauma_support,TRUE,FALSE,other,FALSE,FALSE,FALSE,FALSE,FALSE,FALSE,TRUE,FALSE,,yes,every_month,voucher,FALSE,FALSE,FALSE,FALSE,TRUE,main_concern6,FALSE,FALSE,FALSE,FALSE,FALSE,TRUE,FALSE,FALSE,FALSE,,yes,,no,,,,,,,,yes,no,no,none,FALSE,FALSE,FALSE,FALSE,FALSE,FALSE,FALSE,FALSE,FALSE,TRUE,FALSE,FALSE,none,FALSE,FALSE,FALSE,FALSE,FALSE,FALSE,FALSE,FALSE,FALSE,TRUE,FALSE,FALSE,more_75%,no,,btw_25%_50%,,yes,no,no,no,,,employment Water summerization,FALSE,FALSE,TRUE,FALSE,FALSE,FALSE,FALSE,FALSE,TRUE,FALSE,FALSE,FALSE,FALSE,FALSE,TRUE,FALSE,
Alquds village/Huseiniyat Alzahraa,Wassit,Hai,32.14171655,46.04379404,IQ1603-0003,yes,collective_shelter,2/16/17,0,0,0,0,0,0,5,0,0,0,0,0,,5,yes,8/10/14,Mosul,3,4,3,5,9,14,2,0,40,yes,0,0,0,0,0,0,3,0,0,no,priv,inf,free,yes,ess_than_two_weeks,return_AoO,,yes,other,FALSE,FALSE,FALSE,TRUE,FALSE,Mukhtar of the area,,no,no_risk,no,less_25%,"overloaded, circuits",FALSE,FALSE,FALSE,FALSE,TRUE,FALSE,FALSE,,none,FALSE,FALSE,FALSE,FALSE,TRUE,FALSE,,yes,,less_25%,clean_water,less_25%,no,,4,0,0,0,0,6,0,0,0,0,yes,btw_25%_50%,yes,btw_25%_50%,yes,5,purchase,FALSE,FALSE,FALSE,FALSE,FALSE,FALSE,FALSE,TRUE,FALSE,FALSE,FALSE,no,no,no,every_week,,no,no,less_25%,less_25%,no,less_25%,less_25%,less_25%,no,,yes,btw_25%_50%,jerrycan_for_kerosene,btw_25%_50%,coolbox,yes,,btw_50_75_percent,btw_50_75_percent,btw_50_75_percent,btw_50_75_percent,btw_50_75_percent,btw_50_75_percent,btw_25_50_percent,btw_50_75_percent,nothing,,yes,yes,no,,,,,,,,,,,,,,,,,,,trauma_support,TRUE,FALSE,other,FALSE,FALSE,FALSE,FALSE,FALSE,FALSE,TRUE,FALSE,,yes,every_month,dry_ration,TRUE,FALSE,FALSE,FALSE,FALSE,main_concern6,FALSE,FALSE,FALSE,FALSE,FALSE,TRUE,FALSE,FALSE,FALSE,,yes,,no,,,,,,,,no,no,no,none,FALSE,FALSE,FALSE,FALSE,FALSE,FALSE,FALSE,FALSE,FALSE,TRUE,FALSE,FALSE,none,FALSE,FALSE,FALSE,FALSE,FALSE,FALSE,FALSE,FALSE,FALSE,TRUE,FALSE,FALSE,more_75%,no,,btw_25%_50%,,yes,no,no,no,,,Psychosocial_Support shelter_support summerization,FALSE,FALSE,FALSE,FALSE,FALSE,FALSE,TRUE,TRUE,FALSE,FALSE,FALSE,FALSE,FALSE,FALSE,TRUE,FALSE,
Murshid Alkim,Qadissiya,Hamza,31.86618268,44.92577334,IQ0402-0020,yes,collective_shelter,2/17/17,0,0,0,0,0,0,6,0,0,0,0,0,,6,yes,8/6/14,Mosul,4,3,1,2,8,2,1,0,21,yes,0,0,0,0,0,2,2,0,0,no,priv,inf,free,no,,stay,,yes,elder_religious_leaders,TRUE,FALSE,FALSE,FALSE,FALSE,,,no,no_risk,no,btw_25%_50%,"poor, wiring",FALSE,TRUE,FALSE,FALSE,FALSE,FALSE,FALSE,,none,FALSE,FALSE,FALSE,FALSE,TRUE,FALSE,,yes,,btw_50%_75%,poor_quality,btw_50%_75%,yes,500,0,0,0,2,0,0,0,0,2,0,yes,more_75%,yes,more_75%,yes,3,illegal treatment_plant natural_source purchase,TRUE,TRUE,FALSE,FALSE,TRUE,FALSE,FALSE,TRUE,FALSE,FALSE,FALSE,yes,no,no,every_day,,no,no,less_25%,btw_25%_50%,yes,less_25%,btw_25%_50%,less_25%,no,,yes,btw_50%_75%,both,btw_50%_75%,both,no,,more_75_percent,more_75_percent,more_75_percent,more_75_percent,more_75_percent,more_75_percent,btw_50_75_percent,more_75_percent,winter clothes,,yes,yes,no,,,,,,,,,,,,,,,,,,,trauma_support,TRUE,FALSE,do_not_know,FALSE,FALSE,FALSE,FALSE,FALSE,FALSE,FALSE,TRUE,,yes,every_month,dry_ration,TRUE,FALSE,FALSE,FALSE,FALSE,main_concern6,FALSE,FALSE,FALSE,FALSE,FALSE,TRUE,FALSE,FALSE,FALSE,,no,,no,,,,,,,,yes,no,no,none,FALSE,FALSE,FALSE,FALSE,FALSE,FALSE,FALSE,FALSE,FALSE,TRUE,FALSE,FALSE,none,FALSE,FALSE,FALSE,FALSE,FALSE,FALSE,FALSE,FALSE,FALSE,TRUE,FALSE,FALSE,more_75%,no,,btw_50%_75%,,yes,yes,no,no,,,Food clothing summerization,FALSE,FALSE,FALSE,TRUE,FALSE,FALSE,FALSE,FALSE,FALSE,FALSE,FALSE,FALSE,FALSE,TRUE,TRUE,FALSE,
Mawkeb Ali Al muntazhar,Qadissiya,Diwaniya,32.011756,44.83766023,IQ0402-0029,yes,collective_shelter,2/18/17,0,0,0,0,0,0,5,0,0,0,0,0,,5,yes,7/25/14,Mosul,3,3,3,2,7,9,1,1,29,yes,0,0,0,2,0,1,1,0,0,no,priv,inf,free,no,,stay,,yes,elder_religious_leaders,TRUE,FALSE,FALSE,FALSE,FALSE,,,no,no_risk,no,less_25%,non,FALSE,FALSE,FALSE,FALSE,FALSE,TRUE,FALSE,,none,FALSE,FALSE,FALSE,FALSE,TRUE,FALSE,,yes,,less_25%,clean_water,less_25%,yes,1000,0,0,0,2,0,0,0,0,2,0,yes,btw_50%_75%,yes,btw_50%_75%,yes,3,treatment_plant trucking,FALSE,TRUE,TRUE,FALSE,FALSE,FALSE,FALSE,FALSE,FALSE,FALSE,FALSE,no,no,no,every_week,,no,no,less_25%,less_25%,no,less_25%,less_25%,less_25%,no,,yes,btw_50%_75%,both,btw_50%_75%,both,no,,more_75_percent,more_75_percent,more_75_percent,more_75_percent,more_75_percent,more_75_percent,btw_50_75_percent,btw_50_75_percent,clothes,,no,no,yes,distance_to_treatmentcenter,FALSE,FALSE,FALSE,FALSE,FALSE,FALSE,FALSE,FALSE,FALSE,FALSE,FALSE,FALSE,FALSE,FALSE,FALSE,TRUE,FALSE,trauma_support,TRUE,FALSE,skin_disease,FALSE,FALSE,FALSE,FALSE,FALSE,TRUE,FALSE,FALSE,,yes,every_month,dry_ration,TRUE,FALSE,FALSE,FALSE,FALSE,main_concern5 main_concern6,FALSE,FALSE,FALSE,FALSE,TRUE,TRUE,FALSE,FALSE,FALSE,,yes,,no,,,,,,,,yes,no,no,none,FALSE,FALSE,FALSE,FALSE,FALSE,FALSE,FALSE,FALSE,FALSE,TRUE,FALSE,FALSE,none,FALSE,FALSE,FALSE,FALSE,FALSE,FALSE,FALSE,FALSE,FALSE,TRUE,FALSE,FALSE,more_75%,no,,btw_50%_75%,,yes,no,no,no,,,employment Food clothing,FALSE,FALSE,TRUE,TRUE,FALSE,FALSE,FALSE,FALSE,FALSE,FALSE,FALSE,FALSE,FALSE,TRUE,FALSE,FALSE,
Mawkeb Gharib Tos Altaqiyah the third,Qadissiya,Diwaniya,31.96267095,44.89905614,IQ0402-0034,yes,collective_shelter,2/18/17,0,0,0,0,0,0,5,0,0,0,0,0,,5,yes,8/28/14,Telafar,1,5,4,6,6,4,2,2,30,yes,0,0,0,2,0,3,1,0,0,no,priv,inf,free,no,,stay,,yes,elder_religious_leaders,TRUE,FALSE,FALSE,FALSE,FALSE,,,no,no_risk,no,btw_25%_50%,non,FALSE,FALSE,FALSE,FALSE,FALSE,TRUE,FALSE,,none,FALSE,FALSE,FALSE,FALSE,TRUE,FALSE,,yes,,btw_25%_50%,clean_water,less_25%,yes,500,0,0,0,2,0,0,0,0,5,0,yes,btw_50%_75%,yes,btw_50%_75%,yes,12,trucking,FALSE,FALSE,TRUE,FALSE,FALSE,FALSE,FALSE,FALSE,FALSE,FALSE,FALSE,no,no,no,every_day,,no,no,less_25%,less_25%,yes,less_25%,less_25%,less_25%,no,,yes,btw_50%_75%,both,btw_50%_75%,both,no,,more_75_percent,more_75_percent,more_75_percent,more_75_percent,more_75_percent,more_75_percent,btw_50_75_percent,btw_50_75_percent,winter clothes,,yes,yes,no,,,,,,,,,,,,,,,,,,,trauma_support,TRUE,FALSE,skin_disease,FALSE,FALSE,FALSE,FALSE,FALSE,TRUE,FALSE,FALSE,,yes,every_month,dry_ration,TRUE,FALSE,FALSE,FALSE,FALSE,main_concern6,FALSE,FALSE,FALSE,FALSE,FALSE,TRUE,FALSE,FALSE,FALSE,,yes,,no,,,,,,,,no,no,no,none,FALSE,FALSE,FALSE,FALSE,FALSE,FALSE,FALSE,FALSE,FALSE,TRUE,FALSE,FALSE,none,FALSE,FALSE,FALSE,FALSE,FALSE,FALSE,FALSE,FALSE,FALSE,TRUE,FALSE,FALSE,less_25%,yes,,btw_25%_50%,,yes,no,yes,no,,,employment Food clothing,FALSE,FALSE,TRUE,TRUE,FALSE,FALSE,FALSE,FALSE,FALSE,FALSE,FALSE,FALSE,FALSE,TRUE,FALSE,FALSE,
Mawkeb Ansar Alqaem,Qadissiya,Diwaniya,32.09290136,44.75924933,IQ0402-0027,yes,collective_shelter,2/18/17,0,0,0,0,0,0,6,0,0,0,0,0,,6,yes,6/16/14,Telafar,6,5,6,5,6,7,0,0,35,yes,0,0,0,0,0,0,1,0,0,no,priv,inf,free,no,,stay,,yes,elder_religious_leaders,TRUE,FALSE,FALSE,FALSE,FALSE,,,no,no_risk,no,btw_25%_50%,"poor, wiring",FALSE,TRUE,FALSE,FALSE,FALSE,FALSE,FALSE,,none,FALSE,FALSE,FALSE,FALSE,TRUE,FALSE,,yes,,btw_50%_75%,clean_water,less_25%,yes,1000,0,0,0,1,0,0,0,0,4,0,yes,btw_50%_75%,yes,btw_50%_75%,yes,5,trucking,FALSE,FALSE,TRUE,FALSE,FALSE,FALSE,FALSE,FALSE,FALSE,FALSE,FALSE,no,no,no,every_week,,no,no,less_25%,less_25%,no,less_25%,less_25%,less_25%,no,,yes,more_75%,both,more_75%,both,no,,more_75_percent,more_75_percent,more_75_percent,more_75_percent,more_75_percent,more_75_percent,btw_50_75_percent,btw_50_75_percent,water heater,,no,no,yes,distance_to_treatmentcenter,FALSE,FALSE,FALSE,FALSE,FALSE,FALSE,FALSE,FALSE,FALSE,FALSE,FALSE,FALSE,FALSE,FALSE,FALSE,TRUE,FALSE,trauma_support,TRUE,FALSE,do_not_know,FALSE,FALSE,FALSE,FALSE,FALSE,FALSE,FALSE,TRUE,,yes,every_month,dry_ration,TRUE,FALSE,FALSE,FALSE,FALSE,main_concern5,FALSE,FALSE,FALSE,FALSE,TRUE,FALSE,FALSE,FALSE,FALSE,,yes,,no,,,,,,,,no,no,no,none,FALSE,FALSE,FALSE,FALSE,FALSE,FALSE,FALSE,FALSE,FALSE,TRUE,FALSE,FALSE,none,FALSE,FALSE,FALSE,FALSE,FALSE,FALSE,FALSE,FALSE,FALSE,TRUE,FALSE,FALSE,more_75%,no,,btw_50%_75%,,yes,no,yes,no,,,employment Food clothing,FALSE,FALSE,TRUE,TRUE,FALSE,FALSE,FALSE,FALSE,FALSE,FALSE,FALSE,FALSE,FALSE,TRUE,FALSE,FALSE,
Husseiniyat shabab amir almoumeneen 1041,Kerbala,Kerbala,32.49429398,44.14333589,IQ1202-0430-033,yes,collective_shelter,2/19/17,0,0,0,0,0,0,5,0,0,0,0,0,,5,yes,7/16/14,Telafar,3,2,5,8,10,10,1,1,40,yes,0,0,0,1,0,0,0,0,0,no,priv,inf,free,no,,stay,,yes,other,FALSE,FALSE,FALSE,TRUE,FALSE,Mukhtar of the area,,no,no_risk,no,less_25%,non,FALSE,FALSE,FALSE,FALSE,FALSE,TRUE,FALSE,,none,FALSE,FALSE,FALSE,FALSE,TRUE,FALSE,,yes,,btw_25%_50%,clean_water,btw_25%_50%,no,,10,0,0,0,0,10,0,0,0,0,yes,btw_25%_50%,yes,btw_25%_50%,yes,5,purchase,FALSE,FALSE,FALSE,FALSE,FALSE,FALSE,FALSE,TRUE,FALSE,FALSE,FALSE,no,no,no_septic_tank,every_week,,no,no,less_25%,less_25%,no,less_25%,less_25%,less_25%,no,,yes,less_25%,none,btw_25%_50%,coolbox,no,,btw_50_75_percent,btw_50_75_percent,btw_50_75_percent,btw_50_75_percent,btw_50_75_percent,btw_25_50_percent,btw_25_50_percent,btw_50_75_percent,matresses and blankets,,yes,yes,no,,,,,,,,,,,,,,,,,,,trauma_support,TRUE,FALSE,other,FALSE,FALSE,FALSE,FALSE,FALSE,FALSE,TRUE,FALSE,,yes,every_month,dry_ration,TRUE,FALSE,FALSE,FALSE,FALSE,main_concern6,FALSE,FALSE,FALSE,FALSE,FALSE,TRUE,FALSE,FALSE,FALSE,,yes,Shortage in Rice and oil,no,,,,,,,,yes,no,no,none,FALSE,FALSE,FALSE,FALSE,FALSE,FALSE,FALSE,FALSE,FALSE,TRUE,FALSE,FALSE,none,FALSE,FALSE,FALSE,FALSE,FALSE,FALSE,FALSE,FALSE,FALSE,TRUE,FALSE,FALSE,more_75%,no,,btw_25%_50%,,yes,no,no,yes,1,,Water summerization other,FALSE,FALSE,FALSE,FALSE,FALSE,FALSE,FALSE,FALSE,TRUE,FALSE,FALSE,FALSE,FALSE,FALSE,TRUE,TRUE,Cleaning Materials
Nour Al-hussein 1053,Kerbala,Kerbala,32.49900288,44.13911443,IQ1202-0430-036,yes,collective_shelter,2/19/17,0,0,0,0,0,0,6,0,0,0,0,0,,6,yes,7/10/14,Telafar,3,5,8,6,10,13,1,0,46,yes,0,0,0,0,0,1,4,0,0,no,priv,inf,free,no,,stay,,yes,other,FALSE,FALSE,FALSE,TRUE,FALSE,Mukhtar of the area,,no,no_risk,no,less_25%,"poor, wiring",FALSE,TRUE,FALSE,FALSE,FALSE,FALSE,FALSE,,none,FALSE,FALSE,FALSE,FALSE,TRUE,FALSE,,yes,,btw_25%_50%,clean_water,btw_25%_50%,no,,2,0,0,0,0,3,0,0,0,0,yes,less_25%,yes,less_25%,yes,2,purchase,FALSE,FALSE,FALSE,FALSE,FALSE,FALSE,FALSE,TRUE,FALSE,FALSE,FALSE,no,no,no_septic_tank,every_week,,no,no,less_25%,less_25%,no,less_25%,less_25%,less_25%,no,,yes,btw_25%_50%,jerrycan_for_kerosene,btw_25%_50%,coolbox,no,,btw_50_75_percent,btw_50_75_percent,btw_50_75_percent,btw_50_75_percent,btw_50_75_percent,btw_25_50_percent,btw_25_50_percent,btw_50_75_percent,blankets,,yes,yes,yes,unable_purchase_meds_at_pharm,FALSE,FALSE,FALSE,TRUE,FALSE,FALSE,FALSE,FALSE,FALSE,FALSE,FALSE,FALSE,FALSE,FALSE,FALSE,FALSE,FALSE,trauma_support,TRUE,FALSE,other,FALSE,FALSE,FALSE,FALSE,FALSE,FALSE,TRUE,FALSE,,yes,every_month,dry_ration,TRUE,FALSE,FALSE,FALSE,FALSE,main_concern6,FALSE,FALSE,FALSE,FALSE,FALSE,TRUE,FALSE,FALSE,FALSE,,yes,need oil,no,,,,,,,,no,no,no,none,FALSE,FALSE,FALSE,FALSE,FALSE,FALSE,FALSE,FALSE,FALSE,TRUE,FALSE,FALSE,none,FALSE,FALSE,FALSE,FALSE,FALSE,FALSE,FALSE,FALSE,FALSE,TRUE,FALSE,FALSE,more_75%,no,,btw_25%_50%,,yes,no,no,no,,,employment Water summerization,FALSE,FALSE,TRUE,FALSE,FALSE,FALSE,FALSE,FALSE,TRUE,FALSE,FALSE,FALSE,FALSE,FALSE,TRUE,FALSE,
Mawkeb Imam hussein youths,Kerbala,Kerbala,32.49664774,44.14157899,IQ1202-0430-034,yes,collective_shelter,2/19/17,0,0,0,0,0,0,9,0,0,0,0,0,,9,yes,6/14/14,Telafar,8,6,7,5,14,10,2,1,53,yes,0,0,0,1,0,0,5,0,0,no,priv,inf,free,no,,stay,,yes,local_auth other,FALSE,FALSE,TRUE,TRUE,FALSE,Mukhtar of the area,,no,no_risk,no,less_25%,"overloaded, circuits",FALSE,FALSE,FALSE,FALSE,TRUE,FALSE,FALSE,,none,FALSE,FALSE,FALSE,FALSE,TRUE,FALSE,,yes,,btw_25%_50%,clean_water,less_25%,no,,0,0,0,0,0,3,0,0,0,0,yes,less_25%,yes,less_25%,yes,3,purchase,FALSE,FALSE,FALSE,FALSE,FALSE,FALSE,FALSE,TRUE,FALSE,FALSE,FALSE,no,no,no_septic_tank,every_week,,no,no,btw_25%_50%,btw_25%_50%,yes,less_25%,less_25%,less_25%,no,,yes,btw_25%_50%,none,btw_25%_50%,coolbox,no,,btw_50_75_percent,btw_50_75_percent,btw_25_50_percent,btw_50_75_percent,btw_25_50_percent,btw_25_50_percent,btw_25_50_percent,btw_25_50_percent,kerosene jelican,,yes,yes,no,,,,,,,,,,,,,,,,,,,trauma_support,TRUE,FALSE,other,FALSE,FALSE,FALSE,FALSE,FALSE,FALSE,TRUE,FALSE,,yes,every_month,dry_ration,TRUE,FALSE,FALSE,FALSE,FALSE,main_concern6,FALSE,FALSE,FALSE,FALSE,FALSE,TRUE,FALSE,FALSE,FALSE,,yes,need oil,no,,,,,,,,yes,no,no,none,FALSE,FALSE,FALSE,FALSE,FALSE,FALSE,FALSE,FALSE,FALSE,TRUE,FALSE,FALSE,none,FALSE,FALSE,FALSE,FALSE,FALSE,FALSE,FALSE,FALSE,FALSE,TRUE,FALSE,FALSE,more_75%,no,,btw_25%_50%,,yes,no,no,no,,,employment Water other,FALSE,FALSE,TRUE,FALSE,FALSE,FALSE,FALSE,FALSE,TRUE,FALSE,FALSE,FALSE,FALSE,FALSE,FALSE,TRUE,Construction of showers
Mawkeb Alaqela servant,Kerbala,Kerbala,32.49958606,44.13849295,IQ1202-0430-036,yes,collective_shelter,2/19/17,0,0,0,0,0,0,6,0,0,0,0,0,,6,yes,7/17/14,Telafar,2,2,6,5,9,8,1,1,34,yes,0,0,0,2,1,1,3,0,0,no,priv,inf,free,yes,less_than_3_months,stay,,yes,other,FALSE,FALSE,FALSE,TRUE,FALSE,Mukhtar of the area,,no,no_risk,no,less_25%,"overloaded, circuits",FALSE,FALSE,FALSE,FALSE,TRUE,FALSE,FALSE,,none,FALSE,FALSE,FALSE,FALSE,TRUE,FALSE,,yes,,btw_50%_75%,clean_water,btw_25%_50%,no,,1,0,0,0,0,1,0,0,0,0,yes,less_25%,yes,less_25%,yes,1,purchase,FALSE,FALSE,FALSE,FALSE,FALSE,FALSE,FALSE,TRUE,FALSE,FALSE,FALSE,no,no,no_septic_tank,every_week,,no,no,less_25%,less_25%,yes,less_25%,less_25%,less_25%,no,,yes,btw_25%_50%,none,btw_25%_50%,coolbox,no,,btw_50_75_percent,btw_50_75_percent,btw_50_75_percent,btw_50_75_percent,btw_50_75_percent,btw_50_75_percent,btw_25_50_percent,btw_50_75_percent,matresses and blankets,,yes,yes,no,,,,,,,,,,,,,,,,,,,trauma_support,TRUE,FALSE,other,FALSE,FALSE,FALSE,FALSE,FALSE,FALSE,TRUE,FALSE,,yes,every_month,dry_ration,TRUE,FALSE,FALSE,FALSE,FALSE,main_concern6,FALSE,FALSE,FALSE,FALSE,FALSE,TRUE,FALSE,FALSE,FALSE,,yes,need oil,no,,,,,,,,no,no,no,none,FALSE,FALSE,FALSE,FALSE,FALSE,FALSE,FALSE,FALSE,FALSE,TRUE,FALSE,FALSE,none,FALSE,FALSE,FALSE,FALSE,FALSE,FALSE,FALSE,FALSE,FALSE,TRUE,FALSE,FALSE,more_75%,no,,btw_25%_50%,,yes,no,no,no,,,Medical_care shelter_support Water,FALSE,FALSE,FALSE,FALSE,FALSE,TRUE,FALSE,TRUE,TRUE,FALSE,FALSE,FALSE,FALSE,FALSE,FALSE,FALSE,
animal feed abi gharq 1,Babylon,Hilla,32.52280416,44.36560973,IQ0602-0038,yes,collective_shelter,2/19/17,0,0,0,0,0,0,0,0,14,0,0,0,,14,yes,7/16/14,Telafar,8,7,15,10,17,24,4,6,91,yes,0,0,0,2,0,1,9,0,1,no,publ,none,,no,,stay,,yes,elder_religious_leaders,TRUE,FALSE,FALSE,FALSE,FALSE,,,no,no_risk,no,less_25%,"poor, wiring low, uncovered, points overloaded, circuits",FALSE,TRUE,TRUE,FALSE,TRUE,FALSE,FALSE,,none,FALSE,FALSE,FALSE,FALSE,TRUE,FALSE,,yes,,less_25%,clean_water,btw_25%_50%,no,,3,0,0,0,0,4,0,0,0,0,yes,less_25%,yes,less_25%,yes,3,purchase,FALSE,FALSE,FALSE,FALSE,FALSE,FALSE,FALSE,TRUE,FALSE,FALSE,FALSE,no,no,no_septic_tank,every_week,,no,no,less_25%,btw_25%_50%,yes,btw_25%_50%,btw_25%_50%,less_25%,no,,yes,btw_25%_50%,jerrycan_for_kerosene,btw_25%_50%,coolbox,yes,,btw_25_50_percent,btw_25_50_percent,btw_25_50_percent,btw_50_75_percent,btw_25_50_percent,btw_25_50_percent,btw_25_50_percent,btw_25_50_percent,matresses and blankets,,yes,yes,yes,unable_purchase_meds_at_pharm no_medicine_hosp,FALSE,FALSE,FALSE,TRUE,FALSE,FALSE,TRUE,FALSE,FALSE,FALSE,FALSE,FALSE,FALSE,FALSE,FALSE,FALSE,FALSE,trauma_support,TRUE,FALSE,other,FALSE,FALSE,FALSE,FALSE,FALSE,FALSE,TRUE,FALSE,,yes,every_month,dry_ration,TRUE,FALSE,FALSE,FALSE,FALSE,main_concern6,FALSE,FALSE,FALSE,FALSE,FALSE,TRUE,FALSE,FALSE,FALSE,,yes,need oil,no,,,,,,,,yes,no,no,none,FALSE,FALSE,FALSE,FALSE,FALSE,FALSE,FALSE,FALSE,FALSE,TRUE,FALSE,FALSE,none,FALSE,FALSE,FALSE,FALSE,FALSE,FALSE,FALSE,FALSE,FALSE,TRUE,FALSE,FALSE,more_75%,no,,btw_25%_50%,,yes,no,yes,no,,,shelter_support summerization other,FALSE,FALSE,FALSE,FALSE,FALSE,FALSE,FALSE,TRUE,FALSE,FALSE,FALSE,FALSE,FALSE,FALSE,TRUE,TRUE,Cleaning Materials
Husseiniyat imam alsajjad,Kerbala,Kerbala,32.46895809,44.15930875,IQ1202-0430-022,yes,collective_shelter,2/19/17,0,0,0,0,0,0,5,0,0,0,0,0,,5,yes,7/13/14,Telafar,2,1,4,3,5,6,0,0,21,yes,0,0,2,0,0,1,0,0,0,no,priv,inf,free,no,,stay,,yes,other,FALSE,FALSE,FALSE,TRUE,FALSE,Mukhtar of the area,,no,no_risk,no,less_25%,"poor, wiring overloaded, circuits",FALSE,TRUE,FALSE,FALSE,TRUE,FALSE,FALSE,,none,FALSE,FALSE,FALSE,FALSE,TRUE,FALSE,,yes,,btw_25%_50%,clean_water,btw_25%_50%,no,,2,0,0,0,0,3,0,0,0,0,yes,less_25%,yes,less_25%,yes,4,trucking purchase,FALSE,FALSE,TRUE,FALSE,FALSE,FALSE,FALSE,TRUE,FALSE,FALSE,FALSE,no,no,no_septic_tank,every_week,,no,no,less_25%,less_25%,no,less_25%,less_25%,less_25%,no,,yes,btw_25%_50%,jerrycan_for_kerosene,btw_25%_50%,coolbox,no,,btw_25_50_percent,btw_25_50_percent,btw_25_50_percent,btw_25_50_percent,btw_25_50_percent,btw_25_50_percent,btw_25_50_percent,btw_25_50_percent,matresses,,yes,yes,no,,,,,,,,,,,,,,,,,,,trauma_support,TRUE,FALSE,other,FALSE,FALSE,FALSE,FALSE,FALSE,FALSE,TRUE,FALSE,,yes,every_month,dry_ration,TRUE,FALSE,FALSE,FALSE,FALSE,main_concern6,FALSE,FALSE,FALSE,FALSE,FALSE,TRUE,FALSE,FALSE,FALSE,,yes,need oil,no,,,,,,,,yes,no,no,none,FALSE,FALSE,FALSE,FALSE,FALSE,FALSE,FALSE,FALSE,FALSE,TRUE,FALSE,FALSE,none,FALSE,FALSE,FALSE,FALSE,FALSE,FALSE,FALSE,FALSE,FALSE,TRUE,FALSE,FALSE,more_75%,no,,btw_25%_50%,,yes,no,no,no,,,employment Water summerization,FALSE,FALSE,TRUE,FALSE,FALSE,FALSE,FALSE,FALSE,TRUE,FALSE,FALSE,FALSE,FALSE,FALSE,TRUE,FALSE,
The great khadija 1048,Kerbala,Kerbala,32.49692795,44.14108109,IQ1202-0430-031,yes,collective_shelter,2/19/17,0,0,0,0,0,0,5,0,0,0,0,0,,5,yes,7/18/14,Telafar,0,2,4,5,5,6,0,1,23,yes,0,0,0,0,1,1,2,0,0,no,priv,inf,free,no,,stay,,yes,other,FALSE,FALSE,FALSE,TRUE,FALSE,Mukhtar of the area,,no,no_risk,no,btw_25%_50%,non,FALSE,FALSE,FALSE,FALSE,FALSE,TRUE,FALSE,,none,FALSE,FALSE,FALSE,FALSE,TRUE,FALSE,,yes,,btw_25%_50%,clean_water,less_25%,no,,3,0,0,0,0,2,0,0,0,0,yes,less_25%,yes,less_25%,yes,3,purchase,FALSE,FALSE,FALSE,FALSE,FALSE,FALSE,FALSE,TRUE,FALSE,FALSE,FALSE,no,no,no_septic_tank,every_week,,no,no,less_25%,less_25%,no,less_25%,less_25%,less_25%,no,,yes,btw_25%_50%,none,less_25%,coolbox,no,,btw_25_50_percent,btw_25_50_percent,btw_25_50_percent,btw_50_75_percent,btw_50_75_percent,btw_25_50_percent,btw_25_50_percent,btw_25_50_percent,matresses  ,,yes,yes,no,,,,,,,,,,,,,,,,,,,trauma_support,TRUE,FALSE,other,FALSE,FALSE,FALSE,FALSE,FALSE,FALSE,TRUE,FALSE,,yes,every_month,dry_ration,TRUE,FALSE,FALSE,FALSE,FALSE,main_concern6,FALSE,FALSE,FALSE,FALSE,FALSE,TRUE,FALSE,FALSE,FALSE,,yes,need oil,no,,,,,,,,yes,no,no,none,FALSE,FALSE,FALSE,FALSE,FALSE,FALSE,FALSE,FALSE,FALSE,TRUE,FALSE,FALSE,none,FALSE,FALSE,FALSE,FALSE,FALSE,FALSE,FALSE,FALSE,FALSE,TRUE,FALSE,FALSE,more_75%,no,,btw_25%_50%,,yes,no,no,no,,,employment shelter_support Water,FALSE,FALSE,TRUE,FALSE,FALSE,FALSE,FALSE,TRUE,TRUE,FALSE,FALSE,FALSE,FALSE,FALSE,FALSE,FALSE,
Ansar Alhujja Almuntazhar1050,Kerbala,Kerbala,32.49783401,44.14019975,IQ1202-0430-032,yes,collective_shelter,2/19/17,0,0,0,0,0,0,5,0,0,0,0,0,,5,yes,7/24/14,Telafar,5,6,9,7,8,9,2,3,49,yes,0,0,0,0,0,0,6,0,0,yes,priv,inf,free,no,,stay,,yes,other,FALSE,FALSE,FALSE,TRUE,FALSE,Mukhtar of the area,,no,no_risk,no,less_25%,"poor, wiring overloaded, circuits",FALSE,TRUE,FALSE,FALSE,TRUE,FALSE,FALSE,,none,FALSE,FALSE,FALSE,FALSE,TRUE,FALSE,,yes,,btw_25%_50%,clean_water,btw_25%_50%,no,,3,0,0,0,0,3,0,0,0,0,yes,less_25%,yes,less_25%,yes,2,purchase,FALSE,FALSE,FALSE,FALSE,FALSE,FALSE,FALSE,TRUE,FALSE,FALSE,FALSE,no,no,no_septic_tank,every_week,,no,no,less_25%,less_25%,no,less_25%,less_25%,less_25%,no,,yes,btw_25%_50%,jerrycan_for_kerosene,btw_25%_50%,coolbox,no,,btw_25_50_percent,btw_25_50_percent,btw_50_75_percent,btw_50_75_percent,btw_50_75_percent,btw_25_50_percent,btw_25_50_percent,btw_25_50_percent,matresses and blankets,,yes,yes,no,,,,,,,,,,,,,,,,,,,trauma_support,TRUE,FALSE,other,FALSE,FALSE,FALSE,FALSE,FALSE,FALSE,TRUE,FALSE,,yes,every_month,dry_ration voucher,TRUE,FALSE,FALSE,FALSE,TRUE,main_concern6,FALSE,FALSE,FALSE,FALSE,FALSE,TRUE,FALSE,FALSE,FALSE,,yes,need oil,no,,,,,,,,yes,no,no,none,FALSE,FALSE,FALSE,FALSE,FALSE,FALSE,FALSE,FALSE,FALSE,TRUE,FALSE,FALSE,none,FALSE,FALSE,FALSE,FALSE,FALSE,FALSE,FALSE,FALSE,FALSE,TRUE,FALSE,FALSE,more_75%,no,,btw_25%_50%,,yes,no,no,no,,,employment Water summerization,FALSE,FALSE,TRUE,FALSE,FALSE,FALSE,FALSE,FALSE,TRUE,FALSE,FALSE,FALSE,FALSE,FALSE,TRUE,FALSE,
Mawkeb Al-kufa 1039,Kerbala,Kerbala,32.4934829,44.14402821,IQ1202-0430-029,yes,collective_shelter,2/19/17,0,0,0,0,0,0,5,0,0,0,0,0,,5,yes,7/14/14,Telafar,3,2,4,5,6,7,0,1,28,yes,0,0,0,0,0,0,3,0,0,no,priv,inf,free,no,,stay,,yes,other,FALSE,FALSE,FALSE,TRUE,FALSE,Mukhtar of the area,,no,no_risk,no,less_25%,non,FALSE,FALSE,FALSE,FALSE,FALSE,TRUE,FALSE,,none,FALSE,FALSE,FALSE,FALSE,TRUE,FALSE,,yes,,btw_25%_50%,clean_water,less_25%,no,,2,0,0,0,0,4,0,0,0,0,yes,btw_25%_50%,yes,btw_25%_50%,yes,4,trucking purchase,FALSE,FALSE,TRUE,FALSE,FALSE,FALSE,FALSE,TRUE,FALSE,FALSE,FALSE,no,no,no_septic_tank,every_week,,no,no,less_25%,less_25%,no,less_25%,less_25%,less_25%,no,,yes,btw_25%_50%,jerrycan_for_kerosene,less_25%,coolbox,yes,,btw_25_50_percent,btw_25_50_percent,btw_25_50_percent,btw_25_50_percent,btw_25_50_percent,btw_25_50_percent,btw_25_50_percent,btw_25_50_percent,matresses and blankets,,yes,yes,yes,no_medicine_hosp,FALSE,FALSE,FALSE,FALSE,FALSE,FALSE,TRUE,FALSE,FALSE,FALSE,FALSE,FALSE,FALSE,FALSE,FALSE,FALSE,FALSE,trauma_support,TRUE,FALSE,other,FALSE,FALSE,FALSE,FALSE,FALSE,FALSE,TRUE,FALSE,,yes,every_month,dry_ration voucher,TRUE,FALSE,FALSE,FALSE,TRUE,main_concern6,FALSE,FALSE,FALSE,FALSE,FALSE,TRUE,FALSE,FALSE,FALSE,,yes,need oil,no,,,,,,,,yes,no,no,none,FALSE,FALSE,FALSE,FALSE,FALSE,FALSE,FALSE,FALSE,FALSE,TRUE,FALSE,FALSE,none,FALSE,FALSE,FALSE,FALSE,FALSE,FALSE,FALSE,FALSE,FALSE,TRUE,FALSE,FALSE,more_75%,no,,btw_25%_50%,,yes,no,no,no,,,employment Water clothing,FALSE,FALSE,TRUE,FALSE,FALSE,FALSE,FALSE,FALSE,TRUE,FALSE,FALSE,FALSE,FALSE,TRUE,FALSE,FALSE,
Mawkeb Fatima sevents near Abi ghreq check point,Babylon,Hilla,32.53741955,44.33467568,IQ0602-0037,yes,collective_shelter,2/19/17,0,0,0,0,0,0,6,0,0,0,0,0,,6,yes,7/16/14,Telafar,4,6,5,9,10,13,1,2,50,yes,0,0,0,0,0,1,4,0,0,no,priv,inf,free,no,,stay,,yes,other,FALSE,FALSE,FALSE,TRUE,FALSE,Mukhtar of the area,,no,no_risk,no,less_25%,"poor, wiring overloaded, circuits",FALSE,TRUE,FALSE,FALSE,TRUE,FALSE,FALSE,,none,FALSE,FALSE,FALSE,FALSE,TRUE,FALSE,,yes,,btw_50%_75%,clean_water,less_25%,no,,2,0,0,0,0,2,0,0,0,0,yes,less_25%,yes,less_25%,yes,2,purchase,FALSE,FALSE,FALSE,FALSE,FALSE,FALSE,FALSE,TRUE,FALSE,FALSE,FALSE,no,no,no_septic_tank,every_week,,no,no,less_25%,less_25%,yes,less_25%,less_25%,less_25%,no,,yes,less_25%,jerrycan_for_kerosene,btw_25%_50%,coolbox,no,,btw_50_75_percent,btw_25_50_percent,btw_25_50_percent,btw_50_75_percent,btw_25_50_percent,btw_25_50_percent,btw_25_50_percent,btw_25_50_percent,matresses,,yes,yes,yes,no_medicine_hosp,FALSE,FALSE,FALSE,FALSE,FALSE,FALSE,TRUE,FALSE,FALSE,FALSE,FALSE,FALSE,FALSE,FALSE,FALSE,FALSE,FALSE,trauma_support,TRUE,FALSE,other,FALSE,FALSE,FALSE,FALSE,FALSE,FALSE,TRUE,FALSE,,yes,every_month,dry_ration,TRUE,FALSE,FALSE,FALSE,FALSE,main_concern6,FALSE,FALSE,FALSE,FALSE,FALSE,TRUE,FALSE,FALSE,FALSE,,yes,need rice,no,,,,,,,,yes,no,no,none,FALSE,FALSE,FALSE,FALSE,FALSE,FALSE,FALSE,FALSE,FALSE,TRUE,FALSE,FALSE,none,FALSE,FALSE,FALSE,FALSE,FALSE,FALSE,FALSE,FALSE,FALSE,TRUE,FALSE,FALSE,more_75%,no,,btw_25%_50%,,yes,no,no,no,,,employment shelter_support summerization,FALSE,FALSE,TRUE,FALSE,FALSE,FALSE,FALSE,TRUE,FALSE,FALSE,FALSE,FALSE,FALSE,FALSE,TRUE,FALSE,
Animal feed abi gharq 2,Babylon,Hilla,32.52298522,44.36607894,IQ0602-0039,yes,collective_shelter,2/19/17,0,0,12,0,0,0,0,0,0,0,0,0,,12,yes,7/20/14,Telafar,4,6,9,9,11,12,5,7,63,yes,1,0,0,1,0,1,3,0,1,no,publ,none,,no,,stay,,yes,none,FALSE,FALSE,FALSE,FALSE,TRUE,,,no,no_risk,no,less_25%,"poor, wiring",FALSE,TRUE,FALSE,FALSE,FALSE,FALSE,FALSE,,none,FALSE,FALSE,FALSE,FALSE,TRUE,FALSE,,partial_access,,less_25%,clean_water,btw_25%_50%,no,,4,0,0,0,0,4,0,0,0,0,yes,btw_50%_75%,yes,btw_50%_75%,yes,8,purchase,FALSE,FALSE,FALSE,FALSE,FALSE,FALSE,FALSE,TRUE,FALSE,FALSE,FALSE,no,no,no,every_week,,no,minor,btw_25%_50%,btw_50%_75%,yes,btw_25%_50%,less_25%,less_25%,minor,,yes,btw_25%_50%,jerrycan_for_kerosene,btw_25%_50%,coolbox,yes,,btw_50_75_percent,btw_50_75_percent,btw_25_50_percent,btw_25_50_percent,btw_50_75_percent,btw_50_75_percent,btw_50_75_percent,btw_50_75_percent,more blankets,,yes,yes,no,,,,,,,,,,,,,,,,,,,trauma_support,TRUE,FALSE,do_not_know,FALSE,FALSE,FALSE,FALSE,FALSE,FALSE,FALSE,TRUE,,yes,every_month,dry_ration ready_to_eat_box,TRUE,FALSE,TRUE,FALSE,FALSE,main_concern6,FALSE,FALSE,FALSE,FALSE,FALSE,TRUE,FALSE,FALSE,FALSE,,no,,no,,,,,,,,yes,no,no,none,FALSE,FALSE,FALSE,FALSE,FALSE,FALSE,FALSE,FALSE,FALSE,TRUE,FALSE,FALSE,none,FALSE,FALSE,FALSE,FALSE,FALSE,FALSE,FALSE,FALSE,FALSE,TRUE,FALSE,FALSE,more_75%,no,,less_25%,,yes,no,yes,no,,,Psychosocial_Support vocational_training summerization,FALSE,FALSE,FALSE,FALSE,FALSE,FALSE,TRUE,FALSE,FALSE,FALSE,FALSE,TRUE,FALSE,FALSE,TRUE,FALSE,
Mawkeb Alqasem youths,Kerbala,Kerbala,32.44508453,44.17383539,IQ1202-0434-100,yes,collective_shelter,2/19/17,0,0,0,0,0,0,5,0,0,0,0,0,,5,yes,8/10/14,Telafar,2,0,3,4,8,8,0,0,25,yes,0,0,0,0,0,0,0,0,2,no,priv,inf,free,no,,stay,,yes,elder_religious_leaders local_auth,TRUE,FALSE,TRUE,FALSE,FALSE,,,no,no_risk,no,less_25%,non,FALSE,FALSE,FALSE,FALSE,FALSE,TRUE,FALSE,,none,FALSE,FALSE,FALSE,FALSE,TRUE,FALSE,,no,,btw_25%_50%,poor_quality,less_25%,no,,11,2,4,2,3,8,2,4,2,2,yes,btw_25%_50%,yes,less_25%,yes,21,municipality,FALSE,FALSE,FALSE,FALSE,FALSE,FALSE,TRUE,FALSE,FALSE,FALSE,FALSE,no,no,no,every_day,,no,no,less_25%,less_25%,no,less_25%,less_25%,less_25%,no,,yes,less_25%,both,less_25%,coolbox,no,,more_75_percent,more_75_percent,btw_25_50_percent,btw_25_50_percent,btw_25_50_percent,btw_25_50_percent,btw_25_50_percent,less_25_percent,,,no,yes,no,,,,,,,,,,,,,,,,,,,trauma_support,TRUE,FALSE,do_not_know,FALSE,FALSE,FALSE,FALSE,FALSE,FALSE,FALSE,TRUE,,yes,every_month,dry_ration,TRUE,FALSE,FALSE,FALSE,FALSE,main_concern5,FALSE,FALSE,FALSE,FALSE,TRUE,FALSE,FALSE,FALSE,FALSE,,yes,,no,,,,,,,,no,no,no,none,FALSE,FALSE,FALSE,FALSE,FALSE,FALSE,FALSE,FALSE,FALSE,TRUE,FALSE,FALSE,none,FALSE,FALSE,FALSE,FALSE,FALSE,FALSE,FALSE,FALSE,FALSE,TRUE,FALSE,FALSE,more_75%,no,,btw_25%_50%,,yes,no,no,no,,,education employment Food,FALSE,TRUE,TRUE,TRUE,FALSE,FALSE,FALSE,FALSE,FALSE,FALSE,FALSE,FALSE,FALSE,FALSE,FALSE,FALSE,
Saqqi Atasha kerbalaa,Kerbala,Kerbala,32.45595148,44.16708425,IQ1202-0430-042,yes,collective_shelter,2/19/17,0,0,0,0,0,0,5,0,0,0,0,0,,5,yes,9/10/14,Telafar,1,4,3,5,9,8,0,0,30,yes,0,0,0,0,0,2,0,0,1,no,priv,inf,free,no,,return_AoO,,no,,,,,,,,,no,no_risk,no,less_25%,"overloaded, circuits",FALSE,FALSE,FALSE,FALSE,TRUE,FALSE,FALSE,,none,FALSE,FALSE,FALSE,FALSE,TRUE,FALSE,,yes,,btw_50%_75%,poor_quality,btw_25%_50%,no,,6,4,4,0,0,6,2,2,0,0,yes,btw_25%_50%,yes,less_25%,yes,9,purchase,FALSE,FALSE,FALSE,FALSE,FALSE,FALSE,FALSE,TRUE,FALSE,FALSE,FALSE,no,no,no,every_day,,no,no,less_25%,less_25%,yes,less_25%,less_25%,less_25%,no,,yes,btw_50%_75%,both,btw_25%_50%,both,no,,btw_50_75_percent,more_75_percent,more_75_percent,btw_25_50_percent,btw_25_50_percent,btw_50_75_percent,btw_50_75_percent,less_25_percent,,,no,yes,yes,no_offered_treatment_phc,FALSE,FALSE,FALSE,FALSE,FALSE,FALSE,FALSE,FALSE,FALSE,FALSE,TRUE,FALSE,FALSE,FALSE,FALSE,FALSE,FALSE,trauma_support,TRUE,FALSE,soil_transmitted_helminths,FALSE,FALSE,FALSE,FALSE,TRUE,FALSE,FALSE,FALSE,,yes,rarely,dry_ration voucher,TRUE,FALSE,FALSE,FALSE,TRUE,main_concern1 main_concern6,TRUE,FALSE,FALSE,FALSE,FALSE,TRUE,FALSE,FALSE,FALSE,,yes,,no,,,,,,,,no,no,no,none,FALSE,FALSE,FALSE,FALSE,FALSE,FALSE,FALSE,FALSE,FALSE,TRUE,FALSE,FALSE,none,FALSE,FALSE,FALSE,FALSE,FALSE,FALSE,FALSE,FALSE,FALSE,TRUE,FALSE,FALSE,more_75%,yes,,less_25%,,yes,no,no,no,,,vocational_training clothing summerization,FALSE,FALSE,FALSE,FALSE,FALSE,FALSE,FALSE,FALSE,FALSE,FALSE,FALSE,TRUE,FALSE,TRUE,TRUE,FALSE,
Mawkeb Alqasem ibn Alhasan,Kerbala,Kerbala,32.46540566,44.1616636,IQ1202-0430-007,yes,collective_shelter,2/19/17,0,0,0,0,0,0,5,0,0,0,0,0,,5,yes,9/22/14,Telafar,2,4,1,5,6,5,1,0,24,yes,0,0,0,0,0,0,0,0,2,no,priv,inf,free,no,,return_AoO,,no,,,,,,,,,no,no_risk,no,less_25%,"poor, wiring",FALSE,TRUE,FALSE,FALSE,FALSE,FALSE,FALSE,,none,FALSE,FALSE,FALSE,FALSE,TRUE,FALSE,,yes,,less_25%,clean_water,less_25%,no,,3,0,2,0,0,4,2,2,0,0,yes,more_75%,yes,btw_50%_75%,yes,14,municipality purchase,FALSE,FALSE,FALSE,FALSE,FALSE,FALSE,TRUE,TRUE,FALSE,FALSE,FALSE,no,no,no,every_day,,no,no,less_25%,less_25%,no,less_25%,less_25%,less_25%,no,,yes,btw_25%_50%,both,btw_25%_50%,both,no,,more_75_percent,btw_50_75_percent,more_75_percent,btw_50_75_percent,btw_50_75_percent,btw_50_75_percent,btw_50_75_percent,less_25_percent,,,no,yes,no,,,,,,,,,,,,,,,,,,,trauma_support,TRUE,FALSE,diarrhoea,TRUE,FALSE,FALSE,FALSE,FALSE,FALSE,FALSE,FALSE,,yes,every_month,voucher,FALSE,FALSE,FALSE,FALSE,TRUE,main_concern5 main_concern6,FALSE,FALSE,FALSE,FALSE,TRUE,TRUE,FALSE,FALSE,FALSE,,no,,no,,,,,,,,no,no,no,none,FALSE,FALSE,FALSE,FALSE,FALSE,FALSE,FALSE,FALSE,FALSE,TRUE,FALSE,FALSE,none,FALSE,FALSE,FALSE,FALSE,FALSE,FALSE,FALSE,FALSE,FALSE,TRUE,FALSE,FALSE,more_75%,no,,btw_25%_50%,,yes,no,no,no,,,employment Food vocational_training,FALSE,FALSE,TRUE,TRUE,FALSE,FALSE,FALSE,FALSE,FALSE,FALSE,FALSE,TRUE,FALSE,FALSE,FALSE,FALSE,
Mawkeb Musalam Ibn Aqil,Kerbala,Kerbala,32.45851834,44.16556818,IQ1202-0430-057,yes,collective_shelter,2/19/17,0,0,0,0,0,0,6,0,0,0,0,0,,6,yes,10/20/14,Telafar,3,5,4,8,7,8,2,2,39,yes,0,0,0,0,0,2,0,0,0,no,priv,inf,free,no,,stay,,no,,,,,,,,,no,no_risk,no,more_75%,"poor, wiring overloaded, circuits",FALSE,TRUE,FALSE,FALSE,TRUE,FALSE,FALSE,,none,FALSE,FALSE,FALSE,FALSE,TRUE,FALSE,,yes,,btw_50%_75%,poor_quality,btw_25%_50%,no,,3,2,2,0,2,4,4,4,1,0,no,btw_25%_50%,no,btw_50%_75%,yes,14,purchase,FALSE,FALSE,FALSE,FALSE,FALSE,FALSE,FALSE,TRUE,FALSE,FALSE,FALSE,no,no,no,every_day,,no,no,less_25%,less_25%,no,less_25%,less_25%,less_25%,no,,yes,btw_25%_50%,both,less_25%,both,no,,btw_50_75_percent,btw_50_75_percent,btw_50_75_percent,btw_25_50_percent,btw_25_50_percent,less_25_percent,btw_25_50_percent,less_25_percent,,,no,yes,yes,unqualified_staff_phc,FALSE,FALSE,TRUE,FALSE,FALSE,FALSE,FALSE,FALSE,FALSE,FALSE,FALSE,FALSE,FALSE,FALSE,FALSE,FALSE,FALSE,trauma_support,TRUE,FALSE,other,FALSE,FALSE,FALSE,FALSE,FALSE,FALSE,TRUE,FALSE,,no,rarely,dry_ration,TRUE,FALSE,FALSE,FALSE,FALSE,main_concern1 main_concern5,TRUE,FALSE,FALSE,FALSE,TRUE,FALSE,FALSE,FALSE,FALSE,,no,,no,,,,,,,,no,no,no,none,FALSE,FALSE,FALSE,FALSE,FALSE,FALSE,FALSE,FALSE,FALSE,TRUE,FALSE,FALSE,none,FALSE,FALSE,FALSE,FALSE,FALSE,FALSE,FALSE,FALSE,FALSE,TRUE,FALSE,FALSE,btw_25%_50%,no,,less_25%,,no,no,no,no,,,Water vocational_training clothing,FALSE,FALSE,FALSE,FALSE,FALSE,FALSE,FALSE,FALSE,TRUE,FALSE,FALSE,TRUE,FALSE,TRUE,FALSE,FALSE,
Mawkeb Qandil Arsh Allah,Kerbala,Kerbala,32.45677099,44.16656814,IQ1202-0430-052,yes,collective_shelter,2/19/17,0,0,0,0,0,0,5,0,0,0,0,0,,5,yes,8/3/14,Telafar,3,3,4,4,6,8,0,1,29,yes,0,0,0,1,0,0,1,0,1,no,priv,inf,free,no,,stay,,no,,,,,,,,,no,no_risk,no,less_25%,"poor, wiring",FALSE,TRUE,FALSE,FALSE,FALSE,FALSE,FALSE,,none,FALSE,FALSE,FALSE,FALSE,TRUE,FALSE,,yes,,btw_50%_75%,poor_quality,btw_25%_50%,yes,3000,8,0,0,0,0,8,3,0,0,0,yes,less_25%,yes,btw_25%_50%,yes,13,purchase,FALSE,FALSE,FALSE,FALSE,FALSE,FALSE,FALSE,TRUE,FALSE,FALSE,FALSE,no,no,no,every_day,,no,no,less_25%,less_25%,no,less_25%,btw_25%_50%,less_25%,no,,yes,btw_25%_50%,both,btw_50%_75%,both,no,,more_75_percent,more_75_percent,btw_25_50_percent,btw_25_50_percent,btw_25_50_percent,btw_25_50_percent,less_25_percent,less_25_percent,,,no,yes,no,,,,,,,,,,,,,,,,,,,trauma_support,TRUE,FALSE,do_not_know,FALSE,FALSE,FALSE,FALSE,FALSE,FALSE,FALSE,TRUE,,yes,rarely,voucher,FALSE,FALSE,FALSE,FALSE,TRUE,main_concern5 main_concern6,FALSE,FALSE,FALSE,FALSE,TRUE,TRUE,FALSE,FALSE,FALSE,,yes,,no,,,,,,,,no,no,no,none,FALSE,FALSE,FALSE,FALSE,FALSE,FALSE,FALSE,FALSE,FALSE,TRUE,FALSE,FALSE,none,FALSE,FALSE,FALSE,FALSE,FALSE,FALSE,FALSE,FALSE,FALSE,TRUE,FALSE,FALSE,more_75%,no,,btw_25%_50%,,yes,no,no,no,,,education employment Food,FALSE,TRUE,TRUE,TRUE,FALSE,FALSE,FALSE,FALSE,FALSE,FALSE,FALSE,FALSE,FALSE,FALSE,FALSE,FALSE,
Mawkeb Qattia`a Alkaffein,Kerbala,Kerbala,32.44737904,44.17229697,IQ1202-0430-055,yes,collective_shelter,2/19/17,0,0,0,0,0,0,5,0,0,0,0,0,,5,yes,8/17/14,Telafar,2,4,3,8,7,6,1,2,33,yes,0,0,0,0,0,2,0,0,0,no,priv,inf,free,no,,return_AoO,,no,,,,,,,,,no,no_risk,no,less_25%,non,FALSE,FALSE,FALSE,FALSE,FALSE,TRUE,FALSE,,none,FALSE,FALSE,FALSE,FALSE,TRUE,FALSE,,yes,,btw_25%_50%,poor_quality,less_25%,no,,9,4,3,0,1,8,7,4,0,0,yes,more_75%,yes,more_75%,yes,11,municipality purchase,FALSE,FALSE,FALSE,FALSE,FALSE,FALSE,TRUE,TRUE,FALSE,FALSE,FALSE,no,no,no,every_day,,no,no,less_25%,less_25%,no,less_25%,less_25%,less_25%,no,,yes,btw_25%_50%,both,btw_25%_50%,both,no,,more_75_percent,more_75_percent,more_75_percent,more_75_percent,more_75_percent,more_75_percent,more_75_percent,less_25_percent,,,no,yes,no,,,,,,,,,,,,,,,,,,,trauma_support,TRUE,FALSE,other,FALSE,FALSE,FALSE,FALSE,FALSE,FALSE,TRUE,FALSE,,yes,every_month,dry_ration,TRUE,FALSE,FALSE,FALSE,FALSE,main_concern1 main_concern6,TRUE,FALSE,FALSE,FALSE,FALSE,TRUE,FALSE,FALSE,FALSE,,no,,no,,,,,,,,no,no,no,none,FALSE,FALSE,FALSE,FALSE,FALSE,FALSE,FALSE,FALSE,FALSE,TRUE,FALSE,FALSE,none,FALSE,FALSE,FALSE,FALSE,FALSE,FALSE,FALSE,FALSE,FALSE,TRUE,FALSE,FALSE,more_75%,no,,btw_50%_75%,,yes,no,no,yes,1,,Food Water summerization,FALSE,FALSE,FALSE,TRUE,FALSE,FALSE,FALSE,FALSE,TRUE,FALSE,FALSE,FALSE,FALSE,FALSE,TRUE,FALSE,
Mawkeb qubaiba jaliha,Kerbala,Kerbala,32.46482707,44.16158984,IQ1202-0430-013,yes,collective_shelter,2/19/17,0,0,0,0,0,0,5,0,0,0,0,0,,5,yes,8/12/14,Telafar,5,8,2,4,7,8,2,0,36,yes,0,0,0,2,0,3,0,0,0,no,priv,none,,no,,stay,,no,,,,,,,,,no,no_risk,no,less_25%,non,FALSE,FALSE,FALSE,FALSE,FALSE,TRUE,FALSE,,none,FALSE,FALSE,FALSE,FALSE,TRUE,FALSE,,yes,,btw_25%_50%,clean_water,less_25%,no,,4,0,2,2,0,4,4,2,0,0,yes,less_25%,yes,btw_25%_50%,yes,9,municipality purchase,FALSE,FALSE,FALSE,FALSE,FALSE,FALSE,TRUE,TRUE,FALSE,FALSE,FALSE,no,no,no,every_day,,no,no,less_25%,less_25%,no,less_25%,less_25%,less_25%,no,,yes,more_75%,both,btw_50%_75%,both,no,,more_75_percent,more_75_percent,more_75_percent,more_75_percent,more_75_percent,more_75_percent,more_75_percent,less_25_percent,,,no,yes,yes,healthcare_cost unqualified_staff_hosp,TRUE,TRUE,FALSE,FALSE,FALSE,FALSE,FALSE,FALSE,FALSE,FALSE,FALSE,FALSE,FALSE,FALSE,FALSE,FALSE,FALSE,trauma_support,TRUE,FALSE,diarrhoea,TRUE,FALSE,FALSE,FALSE,FALSE,FALSE,FALSE,FALSE,,yes,rarely,voucher,FALSE,FALSE,FALSE,FALSE,TRUE,main_concern4 main_concern5,FALSE,FALSE,FALSE,TRUE,TRUE,FALSE,FALSE,FALSE,FALSE,,no,,no,,,,,,,,no,no,no,none,FALSE,FALSE,FALSE,FALSE,FALSE,FALSE,FALSE,FALSE,FALSE,TRUE,FALSE,FALSE,none,FALSE,FALSE,FALSE,FALSE,FALSE,FALSE,FALSE,FALSE,FALSE,TRUE,FALSE,FALSE,more_75%,no,,btw_25%_50%,,yes,no,no,no,,,employment Food Medical_care,FALSE,FALSE,TRUE,TRUE,FALSE,TRUE,FALSE,FALSE,FALSE,FALSE,FALSE,FALSE,FALSE,FALSE,FALSE,FALSE,
Mawkeb Fajer Aldhohour,Kerbala,Kerbala,32.44588841,44.17316495,IQ1202-0434-101,yes,collective_shelter,2/19/17,0,0,0,0,0,0,5,0,0,0,0,0,,5,yes,8/11/14,Telafar,2,3,2,3,7,5,2,1,25,yes,0,0,0,0,0,1,0,0,0,no,priv,inf,free,no,,return_AoO,,no,,,,,,,,,no,no_risk,no,less_25%,non,FALSE,FALSE,FALSE,FALSE,FALSE,TRUE,FALSE,,none,FALSE,FALSE,FALSE,FALSE,TRUE,FALSE,,yes,,btw_25%_50%,poor_quality,btw_25%_50%,no,,8,3,3,0,0,8,3,2,1,1,yes,btw_25%_50%,yes,btw_25%_50%,yes,14,purchase,FALSE,FALSE,FALSE,FALSE,FALSE,FALSE,FALSE,TRUE,FALSE,FALSE,FALSE,no,no,no,every_day,,no,no,less_25%,less_25%,no,less_25%,less_25%,less_25%,no,,yes,btw_25%_50%,both,btw_25%_50%,coolbox,yes,,more_75_percent,more_75_percent,more_75_percent,btw_25_50_percent,btw_25_50_percent,btw_25_50_percent,btw_25_50_percent,less_25_percent,,,no,yes,yes,unable_purchase_meds_at_pharm,FALSE,FALSE,FALSE,TRUE,FALSE,FALSE,FALSE,FALSE,FALSE,FALSE,FALSE,FALSE,FALSE,FALSE,FALSE,FALSE,FALSE,trauma_support,TRUE,FALSE,soil_transmitted_helminths,FALSE,FALSE,FALSE,FALSE,TRUE,FALSE,FALSE,FALSE,,yes,every_month,dry_ration,TRUE,FALSE,FALSE,FALSE,FALSE,main_concern6,FALSE,FALSE,FALSE,FALSE,FALSE,TRUE,FALSE,FALSE,FALSE,,no,,no,,,,,,,,no,no,no,none,FALSE,FALSE,FALSE,FALSE,FALSE,FALSE,FALSE,FALSE,FALSE,TRUE,FALSE,FALSE,none,FALSE,FALSE,FALSE,FALSE,FALSE,FALSE,FALSE,FALSE,FALSE,TRUE,FALSE,FALSE,more_75%,no,,btw_25%_50%,,yes,no,no,no,,,Water vocational_training footwear,FALSE,FALSE,FALSE,FALSE,FALSE,FALSE,FALSE,FALSE,TRUE,FALSE,FALSE,TRUE,TRUE,FALSE,FALSE,FALSE,
Mawkeb Alil Kerbala,Kerbala,Kerbala,32.44394195,44.17437537,IQ1202-0434-103,yes,collective_shelter,2/19/17,0,0,0,0,0,0,5,0,0,0,0,0,,5,yes,8/17/14,Telafar,1,3,2,5,5,5,1,1,23,yes,0,0,0,0,0,0,2,0,0,no,priv,inf,free,no,,stay,,yes,local_auth,FALSE,FALSE,TRUE,FALSE,FALSE,,,no,no_risk,no,less_25%,non,FALSE,FALSE,FALSE,FALSE,FALSE,TRUE,FALSE,,none,FALSE,FALSE,FALSE,FALSE,TRUE,FALSE,,no,,btw_25%_50%,poor_quality,btw_25%_50%,no,,8,5,3,0,2,8,4,0,0,0,yes,btw_25%_50%,yes,btw_25%_50%,yes,19,municipality,FALSE,FALSE,FALSE,FALSE,FALSE,FALSE,TRUE,FALSE,FALSE,FALSE,FALSE,no,no,no,every_day,,no,no,less_25%,less_25%,no,less_25%,less_25%,less_25%,no,,yes,more_75%,both,more_75%,both,no,,more_75_percent,more_75_percent,more_75_percent,more_75_percent,btw_25_50_percent,btw_25_50_percent,less_25_percent,less_25_percent,,,no,yes,no,,,,,,,,,,,,,,,,,,,trauma_support,TRUE,FALSE,soil_transmitted_helminths,FALSE,FALSE,FALSE,FALSE,TRUE,FALSE,FALSE,FALSE,,no,every_month,dry_ration voucher,TRUE,FALSE,FALSE,FALSE,TRUE,main_concern1 main_concern5 main_concern6,TRUE,FALSE,FALSE,FALSE,TRUE,TRUE,FALSE,FALSE,FALSE,,yes,,no,,,,,,,,no,no,no,none,FALSE,FALSE,FALSE,FALSE,FALSE,FALSE,FALSE,FALSE,FALSE,TRUE,FALSE,FALSE,none,FALSE,FALSE,FALSE,FALSE,FALSE,FALSE,FALSE,FALSE,FALSE,TRUE,FALSE,FALSE,more_75%,no,,more_75%,,yes,no,no,no,,,Food Water summerization,FALSE,FALSE,FALSE,TRUE,FALSE,FALSE,FALSE,FALSE,TRUE,FALSE,FALSE,FALSE,FALSE,FALSE,TRUE,FALSE,
Mawkeb Attaf mytrays ,Kerbala,Kerbala,32.46424472,44.16208989,IQ1202-0434-014,yes,collective_shelter,2/19/17,0,0,0,0,0,0,6,0,0,0,0,0,,6,yes,8/4/14,Telafar,2,2,5,6,7,8,1,0,31,yes,0,0,0,0,0,2,0,0,2,no,priv,inf,free,no,,stay,,no,,,,,,,,,no,no_risk,no,less_25%,non,FALSE,FALSE,FALSE,FALSE,FALSE,TRUE,FALSE,,none,FALSE,FALSE,FALSE,FALSE,TRUE,FALSE,,yes,,less_25%,clean_water,less_25%,no,,4,2,1,0,0,6,4,3,0,1,yes,btw_50%_75%,yes,more_75%,yes,20,municipality purchase,FALSE,FALSE,FALSE,FALSE,FALSE,FALSE,TRUE,TRUE,FALSE,FALSE,FALSE,no,no,no,every_day,,no,no,less_25%,less_25%,no,less_25%,less_25%,less_25%,no,,yes,btw_50%_75%,both,btw_50%_75%,both,no,,more_75_percent,more_75_percent,btw_50_75_percent,btw_50_75_percent,btw_50_75_percent,more_75_percent,btw_50_75_percent,less_25_percent,,,no,yes,yes,healthcare_cost unable_purchase_meds_at_pharm,TRUE,FALSE,FALSE,TRUE,FALSE,FALSE,FALSE,FALSE,FALSE,FALSE,FALSE,FALSE,FALSE,FALSE,FALSE,FALSE,FALSE,trauma_support,TRUE,FALSE,diarrhoea soil_transmitted_helminths,TRUE,FALSE,FALSE,FALSE,TRUE,FALSE,FALSE,FALSE,,yes,every_month,dry_ration voucher,TRUE,FALSE,FALSE,FALSE,TRUE,main_concern1 main_concern6,TRUE,FALSE,FALSE,FALSE,FALSE,TRUE,FALSE,FALSE,FALSE,,yes,,no,,,,,,,,no,no,no,none,FALSE,FALSE,FALSE,FALSE,FALSE,FALSE,FALSE,FALSE,FALSE,TRUE,FALSE,FALSE,none,FALSE,FALSE,FALSE,FALSE,FALSE,FALSE,FALSE,FALSE,FALSE,TRUE,FALSE,FALSE,more_75%,no,,less_25%,,yes,no,no,no,,,footwear clothing summerization,FALSE,FALSE,FALSE,FALSE,FALSE,FALSE,FALSE,FALSE,FALSE,FALSE,FALSE,FALSE,TRUE,TRUE,TRUE,FALSE,
Mawkeb Um albanin servents,Kerbala,Kerbala,32.44224303,44.17542024,IQ1202-0434-096,yes,collective_shelter,2/19/17,0,0,0,0,0,0,10,0,0,0,0,0,,10,yes,9/21/14,Telafar,7,5,12,9,15,17,5,4,74,yes,0,0,0,0,0,2,0,0,2,no,priv,inf,free,no,,return_AoO,,yes,local_auth,FALSE,FALSE,TRUE,FALSE,FALSE,,,no,no_risk,no,less_25%,non,FALSE,FALSE,FALSE,FALSE,FALSE,TRUE,FALSE,,none,FALSE,FALSE,FALSE,FALSE,TRUE,FALSE,,yes,,btw_25%_50%,poor_quality,btw_25%_50%,no,,12,4,3,0,0,14,4,0,0,0,yes,btw_50%_75%,yes,btw_50%_75%,yes,22,municipality purchase,FALSE,FALSE,FALSE,FALSE,FALSE,FALSE,TRUE,TRUE,FALSE,FALSE,FALSE,no,no,no,every_day,,no,no,less_25%,less_25%,yes,less_25%,less_25%,less_25%,no,,yes,less_25%,both,btw_25%_50%,both,no,,more_75_percent,more_75_percent,more_75_percent,more_75_percent,more_75_percent,more_75_percent,more_75_percent,less_25_percent,,,no,yes,no,,,,,,,,,,,,,,,,,,,trauma_support,TRUE,FALSE,skin_disease,FALSE,FALSE,FALSE,FALSE,FALSE,TRUE,FALSE,FALSE,,yes,rarely,dry_ration,TRUE,FALSE,FALSE,FALSE,FALSE,main_concern5 main_concern6,FALSE,FALSE,FALSE,FALSE,TRUE,TRUE,FALSE,FALSE,FALSE,,no,,no,,,,,,,,no,no,no,none,FALSE,FALSE,FALSE,FALSE,FALSE,FALSE,FALSE,FALSE,FALSE,TRUE,FALSE,FALSE,none,FALSE,FALSE,FALSE,FALSE,FALSE,FALSE,FALSE,FALSE,FALSE,TRUE,FALSE,FALSE,more_75%,no,,btw_25%_50%,,no,no,no,no,,,employment Food clothing,FALSE,FALSE,TRUE,TRUE,FALSE,FALSE,FALSE,FALSE,FALSE,FALSE,FALSE,FALSE,FALSE,TRUE,FALSE,FALSE,
Mawkeb Alsajjad servant,Kerbala,Kerbala,32.44535403,44.17345992,IQ1202-0434-097,yes,collective_shelter,2/19/17,0,0,0,0,0,0,6,0,0,0,0,0,,6,yes,8/17/14,Telafar,4,2,8,9,7,8,2,2,42,yes,0,0,0,0,0,2,3,0,1,no,priv,inf,free,no,,return_AoO,,no,,,,,,,,,no,no_risk,no,less_25%,non,FALSE,FALSE,FALSE,FALSE,FALSE,TRUE,FALSE,,none,FALSE,FALSE,FALSE,FALSE,TRUE,FALSE,,no,,btw_25%_50%,poor_quality,less_25%,no,,16,2,2,2,0,12,2,4,0,1,yes,btw_25%_50%,yes,btw_50%_75%,yes,25,municipality purchase,FALSE,FALSE,FALSE,FALSE,FALSE,FALSE,TRUE,TRUE,FALSE,FALSE,FALSE,no,no,no,every_day,,no,no,less_25%,less_25%,yes,btw_25%_50%,btw_25%_50%,less_25%,no,,yes,less_25%,both,btw_25%_50%,coolbox,no,,more_75_percent,more_75_percent,more_75_percent,more_75_percent,btw_25_50_percent,btw_50_75_percent,btw_50_75_percent,less_25_percent,,,no,yes,no,,,,,,,,,,,,,,,,,,,trauma_support,TRUE,FALSE,do_not_know,FALSE,FALSE,FALSE,FALSE,FALSE,FALSE,FALSE,TRUE,,yes,every_month,dry_ration voucher,TRUE,FALSE,FALSE,FALSE,TRUE,main_concern1 main_concern5,TRUE,FALSE,FALSE,FALSE,TRUE,FALSE,FALSE,FALSE,FALSE,,no,,no,,,,,,,,no,no,no,none,FALSE,FALSE,FALSE,FALSE,FALSE,FALSE,FALSE,FALSE,FALSE,TRUE,FALSE,FALSE,none,FALSE,FALSE,FALSE,FALSE,FALSE,FALSE,FALSE,FALSE,FALSE,TRUE,FALSE,FALSE,more_75%,no,,btw_25%_50%,,yes,no,no,no,,,employment Food Water,FALSE,FALSE,TRUE,TRUE,FALSE,FALSE,FALSE,FALSE,TRUE,FALSE,FALSE,FALSE,FALSE,FALSE,FALSE,FALSE,
Mawkeb Kerbala people,Kerbala,Kerbala,32.46526917,44.16155628,IQ1202-0430-019,yes,collective_shelter,2/19/17,0,0,0,0,0,0,5,0,0,0,0,0,,5,yes,8/19/14,Hamdaniya,2,2,5,9,6,5,1,1,31,yes,1,0,0,0,0,2,0,0,1,no,priv,inf,free,no,,stay,,no,,,,,,,,,no,no_risk,no,more_75%,non,FALSE,FALSE,FALSE,FALSE,FALSE,TRUE,FALSE,,none,FALSE,FALSE,FALSE,FALSE,TRUE,FALSE,,yes,,less_25%,clean_water,less_25%,no,,4,0,0,0,0,6,0,0,2,0,yes,btw_25%_50%,yes,btw_25%_50%,yes,9,municipality purchase,FALSE,FALSE,FALSE,FALSE,FALSE,FALSE,TRUE,TRUE,FALSE,FALSE,FALSE,no,no,no,every_day,,no,no,less_25%,less_25%,no,less_25%,less_25%,less_25%,no,,yes,btw_50%_75%,both,more_75%,both,no,,btw_50_75_percent,more_75_percent,more_75_percent,more_75_percent,more_75_percent,more_75_percent,more_75_percent,less_25_percent,,,no,yes,yes,healthcare_cost,TRUE,FALSE,FALSE,FALSE,FALSE,FALSE,FALSE,FALSE,FALSE,FALSE,FALSE,FALSE,FALSE,FALSE,FALSE,FALSE,FALSE,trauma_support,TRUE,FALSE,soil_transmitted_helminths,FALSE,FALSE,FALSE,FALSE,TRUE,FALSE,FALSE,FALSE,,yes,every_month,dry_ration,TRUE,FALSE,FALSE,FALSE,FALSE,main_concern6,FALSE,FALSE,FALSE,FALSE,FALSE,TRUE,FALSE,FALSE,FALSE,,no,,no,,,,,,,,no,no,no,none,FALSE,FALSE,FALSE,FALSE,FALSE,FALSE,FALSE,FALSE,FALSE,TRUE,FALSE,FALSE,none,FALSE,FALSE,FALSE,FALSE,FALSE,FALSE,FALSE,FALSE,FALSE,TRUE,FALSE,FALSE,more_75%,no,,btw_25%_50%,,yes,no,no,no,,,vocational_training clothing summerization,FALSE,FALSE,FALSE,FALSE,FALSE,FALSE,FALSE,FALSE,FALSE,FALSE,FALSE,TRUE,FALSE,TRUE,TRUE,FALSE,
Mawkeb Ansar Alimam Alhussein,Kerbala,Kerbala,32.4452105,44.17356445,IQ1202-0434-102,yes,collective_shelter,2/19/17,0,0,0,0,0,0,5,0,0,0,0,0,,5,yes,8/24/14,Telafar,3,5,5,9,5,7,1,0,35,yes,0,0,0,0,0,2,1,0,0,no,priv,inf,free,no,,return_AoO,,no,,,,,,,,,no,no_risk,no,less_25%,"poor, wiring",FALSE,TRUE,FALSE,FALSE,FALSE,FALSE,FALSE,,none,FALSE,FALSE,FALSE,FALSE,TRUE,FALSE,,yes,,btw_25%_50%,poor_quality,btw_25%_50%,no,,9,2,2,0,2,8,1,1,1,1,yes,btw_25%_50%,yes,btw_25%_50%,yes,15,purchase,FALSE,FALSE,FALSE,FALSE,FALSE,FALSE,FALSE,TRUE,FALSE,FALSE,FALSE,no,no,no,every_day,,no,no,btw_25%_50%,btw_25%_50%,yes,btw_25%_50%,less_25%,less_25%,no,,yes,less_25%,both,btw_25%_50%,coolbox,no,,more_75_percent,more_75_percent,more_75_percent,btw_50_75_percent,less_25_percent,btw_25_50_percent,btw_25_50_percent,less_25_percent,,,no,yes,yes,unqualified_staff_hosp,FALSE,TRUE,FALSE,FALSE,FALSE,FALSE,FALSE,FALSE,FALSE,FALSE,FALSE,FALSE,FALSE,FALSE,FALSE,FALSE,FALSE,trauma_support,TRUE,FALSE,skin_disease,FALSE,FALSE,FALSE,FALSE,FALSE,TRUE,FALSE,FALSE,,yes,every_month,dry_ration voucher,TRUE,FALSE,FALSE,FALSE,TRUE,main_concern5,FALSE,FALSE,FALSE,FALSE,TRUE,FALSE,FALSE,FALSE,FALSE,,no,,no,,,,,,,,no,no,no,none,FALSE,FALSE,FALSE,FALSE,FALSE,FALSE,FALSE,FALSE,FALSE,TRUE,FALSE,FALSE,none,FALSE,FALSE,FALSE,FALSE,FALSE,FALSE,FALSE,FALSE,FALSE,TRUE,FALSE,FALSE,more_75%,yes,,less_25%,,yes,no,no,yes,1,,employment Food summerization,FALSE,FALSE,TRUE,TRUE,FALSE,FALSE,FALSE,FALSE,FALSE,FALSE,FALSE,FALSE,FALSE,FALSE,TRUE,FALSE,
Mawkeb um Albanin  ,Kerbala,Kerbala,32.45169534,44.16980713,IQ1202-0430-054,yes,collective_shelter,2/19/17,0,0,0,0,0,0,5,0,0,0,0,0,,5,yes,8/13/14,Telafar,0,5,4,6,5,9,0,2,31,yes,0,0,0,1,0,2,2,0,0,no,priv,inf,free,no,,stay,,no,,,,,,,,,no,no_risk,no,less_25%,non,FALSE,FALSE,FALSE,FALSE,FALSE,TRUE,FALSE,,none,FALSE,FALSE,FALSE,FALSE,TRUE,FALSE,,no,,less_25%,poor_quality,btw_25%_50%,no,,8,2,4,1,0,11,4,4,0,2,yes,btw_50%_75%,yes,btw_50%_75%,yes,14,municipality purchase,FALSE,FALSE,FALSE,FALSE,FALSE,FALSE,TRUE,TRUE,FALSE,FALSE,FALSE,no,no,no,every_day,,no,no,btw_25%_50%,btw_25%_50%,no,btw_25%_50%,less_25%,less_25%,minor,,yes,btw_25%_50%,both,less_25%,both,no,,btw_50_75_percent,btw_25_50_percent,btw_25_50_percent,btw_25_50_percent,less_25_percent,btw_50_75_percent,btw_25_50_percent,less_25_percent,,,no,yes,yes,unable_purchase_meds_at_pharm,FALSE,FALSE,FALSE,TRUE,FALSE,FALSE,FALSE,FALSE,FALSE,FALSE,FALSE,FALSE,FALSE,FALSE,FALSE,FALSE,FALSE,trauma_support,TRUE,FALSE,soil_transmitted_helminths,FALSE,FALSE,FALSE,FALSE,TRUE,FALSE,FALSE,FALSE,,yes,rarely,voucher,FALSE,FALSE,FALSE,FALSE,TRUE,main_concern1 main_concern6,TRUE,FALSE,FALSE,FALSE,FALSE,TRUE,FALSE,FALSE,FALSE,,no,,no,,,,,,,,no,no,no,none,FALSE,FALSE,FALSE,FALSE,FALSE,FALSE,FALSE,FALSE,FALSE,TRUE,FALSE,FALSE,none,FALSE,FALSE,FALSE,FALSE,FALSE,FALSE,FALSE,FALSE,FALSE,TRUE,FALSE,FALSE,more_75%,no,,btw_50%_75%,,yes,no,no,no,,,employment Food Medical_care,FALSE,FALSE,TRUE,TRUE,FALSE,TRUE,FALSE,FALSE,FALSE,FALSE,FALSE,FALSE,FALSE,FALSE,FALSE,FALSE,
Mawkeb Alsayeda ruqaiyya,Kerbala,Kerbala,32.45811736,44.16588404,IQ1202-0430-056,yes,collective_shelter,2/19/17,0,0,0,0,0,0,5,0,0,0,0,0,,5,yes,9/21/14,Telafar,2,5,4,5,5,8,1,1,31,yes,0,0,0,0,0,3,1,0,0,no,priv,inf,free,no,,move_another_governorate,Erbil,no,,,,,,,,,no,no_risk,no,less_25%,non,FALSE,FALSE,FALSE,FALSE,FALSE,TRUE,FALSE,,none,FALSE,FALSE,FALSE,FALSE,TRUE,FALSE,,yes,,btw_25%_50%,poor_quality,less_25%,yes,4000,3,3,2,0,1,4,6,6,0,0,yes,btw_25%_50%,yes,btw_50%_75%,yes,19,purchase,FALSE,FALSE,FALSE,FALSE,FALSE,FALSE,FALSE,TRUE,FALSE,FALSE,FALSE,no,no,no,every_day,,no,no,less_25%,less_25%,yes,less_25%,btw_25%_50%,less_25%,no,,yes,btw_50%_75%,both,btw_25%_50%,both,no,,btw_50_75_percent,btw_50_75_percent,btw_50_75_percent,btw_25_50_percent,btw_25_50_percent,btw_50_75_percent,less_25_percent,less_25_percent,,,no,yes,yes,no_medicine_hosp,FALSE,FALSE,FALSE,FALSE,FALSE,FALSE,TRUE,FALSE,FALSE,FALSE,FALSE,FALSE,FALSE,FALSE,FALSE,FALSE,FALSE,trauma_support,TRUE,FALSE,diarrhoea,TRUE,FALSE,FALSE,FALSE,FALSE,FALSE,FALSE,FALSE,,yes,every_month,voucher,FALSE,FALSE,FALSE,FALSE,TRUE,main_concern5,FALSE,FALSE,FALSE,FALSE,TRUE,FALSE,FALSE,FALSE,FALSE,,yes,,no,,,,,,,,yes,no,no,none,FALSE,FALSE,FALSE,FALSE,FALSE,FALSE,FALSE,FALSE,FALSE,TRUE,FALSE,FALSE,none,FALSE,FALSE,FALSE,FALSE,FALSE,FALSE,FALSE,FALSE,FALSE,TRUE,FALSE,FALSE,btw_50%_75%,no,,btw_50%_75%,,no,no,no,no,,,Food Water vocational_training,FALSE,FALSE,FALSE,TRUE,FALSE,FALSE,FALSE,FALSE,TRUE,FALSE,FALSE,TRUE,FALSE,FALSE,FALSE,FALSE,
Mawkeb Alimam alkazhem,Kerbala,Kerbala,32.45518106,44.16763335,IQ1202-0430-053,yes,collective_shelter,2/19/17,0,0,0,0,0,0,5,0,0,0,0,0,,5,yes,9/14/14,Telafar,2,5,4,0,7,8,1,0,27,yes,0,0,0,1,0,1,0,1,0,no,priv,inf,free,no,,stay,,no,,,,,,,,,no,no_risk,no,less_25%,non,FALSE,FALSE,FALSE,FALSE,FALSE,TRUE,FALSE,,none,FALSE,FALSE,FALSE,FALSE,TRUE,FALSE,,yes,,btw_25%_50%,poor_quality,btw_25%_50%,no,,10,2,2,0,0,12,2,0,0,0,yes,btw_25%_50%,yes,btw_25%_50%,yes,18,purchase,FALSE,FALSE,FALSE,FALSE,FALSE,FALSE,FALSE,TRUE,FALSE,FALSE,FALSE,no,no,no,every_day,,no,no,less_25%,less_25%,no,less_25%,less_25%,less_25%,no,,yes,more_75%,both,more_75%,both,no,,more_75_percent,btw_50_75_percent,btw_25_50_percent,btw_25_50_percent,btw_25_50_percent,btw_25_50_percent,less_25_percent,less_25_percent,,,no,yes,no,,,,,,,,,,,,,,,,,,,trauma_support,TRUE,FALSE,skin_disease,FALSE,FALSE,FALSE,FALSE,FALSE,TRUE,FALSE,FALSE,,yes,every_month,voucher,FALSE,FALSE,FALSE,FALSE,TRUE,main_concern6,FALSE,FALSE,FALSE,FALSE,FALSE,TRUE,FALSE,FALSE,FALSE,,yes,,no,,,,,,,,no,no,no,none,FALSE,FALSE,FALSE,FALSE,FALSE,FALSE,FALSE,FALSE,FALSE,TRUE,FALSE,FALSE,none,FALSE,FALSE,FALSE,FALSE,FALSE,FALSE,FALSE,FALSE,FALSE,TRUE,FALSE,FALSE,more_75%,no,,btw_50%_75%,,yes,no,no,no,,,Food Water clothing,FALSE,FALSE,FALSE,TRUE,FALSE,FALSE,FALSE,FALSE,TRUE,FALSE,FALSE,FALSE,FALSE,TRUE,FALSE,FALSE,
Mawkeb abu alfadhel alabbas,Kerbala,Kerbala,32.44658142,44.17275019,IQ1202-0430-038,yes,collective_shelter,2/19/17,0,0,0,0,0,0,6,0,0,0,0,0,,6,yes,8/11/14,Telafar,2,3,4,5,6,6,0,1,27,yes,0,0,0,0,0,0,0,0,2,no,priv,inf,free,no,,return_AoO,,no,,,,,,,,,no,no_risk,no,less_25%,"poor, wiring",FALSE,TRUE,FALSE,FALSE,FALSE,FALSE,FALSE,,none,FALSE,FALSE,FALSE,FALSE,TRUE,FALSE,,no,,less_25%,poor_quality,btw_25%_50%,no,,7,2,2,0,2,8,3,2,0,1,yes,btw_25%_50%,yes,btw_25%_50%,yes,12,municipality purchase,FALSE,FALSE,FALSE,FALSE,FALSE,FALSE,TRUE,TRUE,FALSE,FALSE,FALSE,no,no,no,every_day,,no,no,less_25%,less_25%,no,less_25%,less_25%,less_25%,no,,yes,less_25%,both,less_25%,coolbox,no,,more_75_percent,more_75_percent,more_75_percent,btw_50_75_percent,btw_50_75_percent,btw_50_75_percent,btw_25_50_percent,less_25_percent,,,no,yes,yes,healthcare_cost,TRUE,FALSE,FALSE,FALSE,FALSE,FALSE,FALSE,FALSE,FALSE,FALSE,FALSE,FALSE,FALSE,FALSE,FALSE,FALSE,FALSE,trauma_support,TRUE,FALSE,other,FALSE,FALSE,FALSE,FALSE,FALSE,FALSE,TRUE,FALSE,,yes,every_month,dry_ration,TRUE,FALSE,FALSE,FALSE,FALSE,main_concern6,FALSE,FALSE,FALSE,FALSE,FALSE,TRUE,FALSE,FALSE,FALSE,,yes,,no,,,,,,,,no,no,no,none,FALSE,FALSE,FALSE,FALSE,FALSE,FALSE,FALSE,FALSE,FALSE,TRUE,FALSE,FALSE,none,FALSE,FALSE,FALSE,FALSE,FALSE,FALSE,FALSE,FALSE,FALSE,TRUE,FALSE,FALSE,more_75%,no,,btw_25%_50%,,yes,no,no,no,,,Food vocational_training clothing,FALSE,FALSE,FALSE,TRUE,FALSE,FALSE,FALSE,FALSE,FALSE,FALSE,FALSE,TRUE,FALSE,TRUE,FALSE,FALSE,
Husseiniyat alsajjad,Kerbala,Kerbala,32.45559873,44.16739658,IQ1202-0430-049,yes,collective_shelter,2/19/17,0,0,0,0,0,0,5,0,0,0,0,0,,5,yes,8/5/14,Telafar,1,5,4,3,9,10,0,0,32,yes,0,0,0,0,0,0,3,0,0,no,priv,inf,free,no,,return_AoO,,no,,,,,,,,,no,no_risk,no,less_25%,non,FALSE,FALSE,FALSE,FALSE,FALSE,TRUE,FALSE,,none,FALSE,FALSE,FALSE,FALSE,TRUE,FALSE,,yes,,btw_25%_50%,poor_quality,btw_25%_50%,no,,6,4,4,0,0,6,4,4,0,0,yes,btw_25%_50%,yes,btw_25%_50%,yes,8,municipality purchase,FALSE,FALSE,FALSE,FALSE,FALSE,FALSE,TRUE,TRUE,FALSE,FALSE,FALSE,no,no,no,every_day,,no,no,less_25%,btw_25%_50%,no,btw_50%_75%,less_25%,less_25%,no,,yes,less_25%,both,less_25%,both,no,,btw_50_75_percent,btw_25_50_percent,btw_25_50_percent,btw_25_50_percent,btw_25_50_percent,btw_25_50_percent,less_25_percent,less_25_percent,,,no,yes,no,,,,,,,,,,,,,,,,,,,trauma_support,TRUE,FALSE,soil_transmitted_helminths,FALSE,FALSE,FALSE,FALSE,TRUE,FALSE,FALSE,FALSE,,no,rarely,dry_ration,TRUE,FALSE,FALSE,FALSE,FALSE,main_concern5 main_concern6,FALSE,FALSE,FALSE,FALSE,TRUE,TRUE,FALSE,FALSE,FALSE,,yes,,no,,,,,,,,no,no,no,none,FALSE,FALSE,FALSE,FALSE,FALSE,FALSE,FALSE,FALSE,FALSE,TRUE,FALSE,FALSE,none,FALSE,FALSE,FALSE,FALSE,FALSE,FALSE,FALSE,FALSE,FALSE,TRUE,FALSE,FALSE,more_75%,no,,btw_25%_50%,,yes,no,no,no,,,vocational_training clothing summerization,FALSE,FALSE,FALSE,FALSE,FALSE,FALSE,FALSE,FALSE,FALSE,FALSE,FALSE,TRUE,FALSE,TRUE,TRUE,FALSE,
Husseiniyat ashab alkisaa,Kerbala,Kerbala,32.45751205,44.16613227,IQ1202-0430-050,yes,collective_shelter,2/19/17,0,0,0,0,0,0,5,0,0,0,0,0,,5,yes,9/15/14,Telafar,2,0,4,5,6,7,0,0,24,yes,0,0,0,0,0,0,0,0,0,no,priv,inf,free,no,,stay,,no,,,,,,,,,no,no_risk,no,less_25%,non,FALSE,FALSE,FALSE,FALSE,FALSE,TRUE,FALSE,,none,FALSE,FALSE,FALSE,FALSE,TRUE,FALSE,,yes,,btw_25%_50%,poor_quality,less_25%,no,,3,2,2,0,0,8,4,0,0,0,yes,btw_25%_50%,yes,btw_25%_50%,yes,11,purchase,FALSE,FALSE,FALSE,FALSE,FALSE,FALSE,FALSE,TRUE,FALSE,FALSE,FALSE,no,no,no,every_day,,no,no,less_25%,less_25%,no,less_25%,btw_25%_50%,less_25%,no,,yes,less_25%,both,btw_25%_50%,both,no,,more_75_percent,btw_50_75_percent,btw_50_75_percent,btw_25_50_percent,less_25_percent,btw_50_75_percent,btw_25_50_percent,less_25_percent,,,no,yes,yes,unqualified_staff_hosp,FALSE,TRUE,FALSE,FALSE,FALSE,FALSE,FALSE,FALSE,FALSE,FALSE,FALSE,FALSE,FALSE,FALSE,FALSE,FALSE,FALSE,trauma_support,TRUE,FALSE,do_not_know,FALSE,FALSE,FALSE,FALSE,FALSE,FALSE,FALSE,TRUE,,yes,rarely,voucher,FALSE,FALSE,FALSE,FALSE,TRUE,main_concern1 main_concern6,TRUE,FALSE,FALSE,FALSE,FALSE,TRUE,FALSE,FALSE,FALSE,,no,,no,,,,,,,,no,no,no,none,FALSE,FALSE,FALSE,FALSE,FALSE,FALSE,FALSE,FALSE,FALSE,TRUE,FALSE,FALSE,none,FALSE,FALSE,FALSE,FALSE,FALSE,FALSE,FALSE,FALSE,FALSE,TRUE,FALSE,FALSE,more_75%,no,,btw_25%_50%,,yes,no,no,no,,,employment Food Water,FALSE,FALSE,TRUE,TRUE,FALSE,FALSE,FALSE,FALSE,TRUE,FALSE,FALSE,FALSE,FALSE,FALSE,FALSE,FALSE,
house,Babylon,Hilla,32.49743156,44.4589201,IQ0602-0033,yes,collective_shelter,2/19/17,0,0,0,0,0,0,0,5,0,0,0,0,,5,yes,8/8/14,Hamdaniya,2,1,1,2,3,3,1,1,14,yes,0,0,0,1,0,2,2,0,3,no,priv,inf,rent,no,,stay,,yes,none,FALSE,FALSE,FALSE,FALSE,TRUE,,,no,no_risk,no,btw_25%_50%,non,FALSE,FALSE,FALSE,FALSE,FALSE,TRUE,FALSE,,none,FALSE,FALSE,FALSE,FALSE,TRUE,FALSE,,yes,,less_25%,clean_water,less_25%,yes,500,0,0,0,1,0,0,0,0,1,0,yes,btw_50%_75%,yes,btw_50%_75%,yes,5,purchase,FALSE,FALSE,FALSE,FALSE,FALSE,FALSE,FALSE,TRUE,FALSE,FALSE,FALSE,no,no,no,every_day,,no,no,less_25%,less_25%,yes,btw_25%_50%,less_25%,less_25%,no,,yes,more_75%,both,btw_50%_75%,both,no,,more_75_percent,more_75_percent,more_75_percent,more_75_percent,more_75_percent,more_75_percent,btw_50_75_percent,btw_50_75_percent,furnitures and clothes,,yes,yes,yes,healthcare_cost refused_treatment,TRUE,FALSE,FALSE,FALSE,FALSE,TRUE,FALSE,FALSE,FALSE,FALSE,FALSE,FALSE,FALSE,FALSE,FALSE,FALSE,FALSE,trauma_support,TRUE,FALSE,do_not_know,FALSE,FALSE,FALSE,FALSE,FALSE,FALSE,FALSE,TRUE,,yes,rarely,dry_ration,TRUE,FALSE,FALSE,FALSE,FALSE,main_concern5 main_concern6,FALSE,FALSE,FALSE,FALSE,TRUE,TRUE,FALSE,FALSE,FALSE,,yes,,no,,,,,,,,no,no,no,none,FALSE,FALSE,FALSE,FALSE,FALSE,FALSE,FALSE,FALSE,FALSE,TRUE,FALSE,FALSE,none,FALSE,FALSE,FALSE,FALSE,FALSE,FALSE,FALSE,FALSE,FALSE,TRUE,FALSE,FALSE,more_75%,yes,,btw_25%_50%,,yes,no,no,yes,2,,employment shelter_support summerization,FALSE,FALSE,TRUE,FALSE,FALSE,FALSE,FALSE,TRUE,FALSE,FALSE,FALSE,FALSE,FALSE,FALSE,TRUE,FALSE,
Husseiniyat mohammed ali / alhurriya neighborhood,Qadissiya,Shamiya,31.96316913,44.59516318,IQ0404-0004,yes,collective_shelter,2/19/17,0,0,0,0,0,0,5,0,0,0,0,0,,5,yes,6/14/14,Sinjar,3,2,6,1,5,5,1,0,23,yes,0,0,0,0,0,0,2,0,0,no,priv,inf,free,no,,stay,,yes,elder_religious_leaders,TRUE,FALSE,FALSE,FALSE,FALSE,,,no,no_risk,no,less_25%,non,FALSE,FALSE,FALSE,FALSE,FALSE,TRUE,FALSE,,none,FALSE,FALSE,FALSE,FALSE,TRUE,FALSE,,yes,,less_25%,clean_water,less_25%,yes,500,0,0,0,2,0,0,0,0,2,0,yes,btw_50%_75%,yes,btw_50%_75%,yes,4,purchase,FALSE,FALSE,FALSE,FALSE,FALSE,FALSE,FALSE,TRUE,FALSE,FALSE,FALSE,no,no,no,every_day,,no,no,less_25%,less_25%,no,less_25%,less_25%,less_25%,no,,yes,btw_50%_75%,both,btw_50%_75%,both,no,,more_75_percent,more_75_percent,more_75_percent,more_75_percent,more_75_percent,more_75_percent,btw_50_75_percent,btw_50_75_percent,water heater and summer items,,yes,yes,no,,,,,,,,,,,,,,,,,,,trauma_support,TRUE,FALSE,do_not_know,FALSE,FALSE,FALSE,FALSE,FALSE,FALSE,FALSE,TRUE,,yes,every_month,dry_ration,TRUE,FALSE,FALSE,FALSE,FALSE,main_concern6,FALSE,FALSE,FALSE,FALSE,FALSE,TRUE,FALSE,FALSE,FALSE,,yes,,no,,,,,,,,yes,no,no,none,FALSE,FALSE,FALSE,FALSE,FALSE,FALSE,FALSE,FALSE,FALSE,TRUE,FALSE,FALSE,none,FALSE,FALSE,FALSE,FALSE,FALSE,FALSE,FALSE,FALSE,FALSE,TRUE,FALSE,FALSE,more_75%,no,,btw_50%_75%,,yes,no,yes,no,,,shelter_support clothing summerization,FALSE,FALSE,FALSE,FALSE,FALSE,FALSE,FALSE,TRUE,FALSE,FALSE,FALSE,FALSE,FALSE,TRUE,TRUE,FALSE,
Mawkeb Almahnawiyah peoplealjaze`a area,Babylon,Hashimiya,32.10753982,44.7546441,IQ0402-0024,yes,collective_shelter,2/19/17,0,0,0,0,0,0,5,0,0,0,0,0,,5,yes,8/12/14,Telafar,3,2,1,2,2,0,1,0,11,yes,0,0,0,1,0,2,2,0,0,no,priv,inf,free,no,,stay,,yes,elder_religious_leaders,TRUE,FALSE,FALSE,FALSE,FALSE,,,no,no_risk,no,btw_50%_75%,non,FALSE,FALSE,FALSE,FALSE,FALSE,TRUE,FALSE,,none,FALSE,FALSE,FALSE,FALSE,TRUE,FALSE,,yes,,less_25%,clean_water,less_25%,no,,0,0,0,2,0,0,0,1,1,0,yes,more_75%,yes,more_75%,yes,15,trucking,FALSE,FALSE,TRUE,FALSE,FALSE,FALSE,FALSE,FALSE,FALSE,FALSE,FALSE,no,no,no,every_week,,no,no,less_25%,less_25%,yes,less_25%,less_25%,less_25%,no,,yes,btw_50%_75%,both,more_75%,both,no,,more_75_percent,more_75_percent,more_75_percent,more_75_percent,more_75_percent,btw_50_75_percent,btw_50_75_percent,btw_50_75_percent,clothes and latrines,,no,no,yes,distance_to_treatmentcenter,FALSE,FALSE,FALSE,FALSE,FALSE,FALSE,FALSE,FALSE,FALSE,FALSE,FALSE,FALSE,FALSE,FALSE,FALSE,TRUE,FALSE,trauma_support,TRUE,FALSE,hepatitis_A_E do_not_know,FALSE,FALSE,FALSE,TRUE,FALSE,FALSE,FALSE,TRUE,,yes,every_month,dry_ration,TRUE,FALSE,FALSE,FALSE,FALSE,main_concern6,FALSE,FALSE,FALSE,FALSE,FALSE,TRUE,FALSE,FALSE,FALSE,,yes,,yes,local_auth,FALSE,FALSE,TRUE,FALSE,FALSE,,yes,no,no,none,FALSE,FALSE,FALSE,FALSE,FALSE,FALSE,FALSE,FALSE,FALSE,TRUE,FALSE,FALSE,none,FALSE,FALSE,FALSE,FALSE,FALSE,FALSE,FALSE,FALSE,FALSE,TRUE,FALSE,FALSE,more_75%,yes,,btw_50%_75%,,yes,no,no,no,,,Food clothing summerization,FALSE,FALSE,FALSE,TRUE,FALSE,FALSE,FALSE,FALSE,FALSE,FALSE,FALSE,FALSE,FALSE,TRUE,TRUE,FALSE,
Husseiniyat habib almustafa,Babylon,Hilla,32.38049331,44.54860384,IQ0601-0004,yes,collective_shelter,2/19/17,0,0,0,0,0,0,5,0,0,0,0,0,,5,yes,8/6/14,Tilkaif,6,7,3,5,6,7,0,0,34,yes,0,0,0,2,1,3,3,0,0,no,priv,inf,free,no,,stay,,yes,elder_religious_leaders,TRUE,FALSE,FALSE,FALSE,FALSE,,,no,no_risk,no,btw_25%_50%,non,FALSE,FALSE,FALSE,FALSE,FALSE,TRUE,FALSE,,none,FALSE,FALSE,FALSE,FALSE,TRUE,FALSE,,yes,,less_25%,clean_water,less_25%,yes,5000,0,0,0,2,0,0,0,0,2,0,yes,more_75%,yes,more_75%,yes,5,trucking,FALSE,FALSE,TRUE,FALSE,FALSE,FALSE,FALSE,FALSE,FALSE,FALSE,FALSE,no,no,no,every_week,,no,no,less_25%,less_25%,no,less_25%,less_25%,less_25%,no,,yes,more_75%,both,more_75%,both,no,,more_75_percent,more_75_percent,more_75_percent,more_75_percent,more_75_percent,more_75_percent,btw_50_75_percent,btw_50_75_percent,summer items,,yes,yes,no,,,,,,,,,,,,,,,,,,,trauma_support,TRUE,FALSE,skin_disease,FALSE,FALSE,FALSE,FALSE,FALSE,TRUE,FALSE,FALSE,,yes,rarely,dry_ration,TRUE,FALSE,FALSE,FALSE,FALSE,main_concern5,FALSE,FALSE,FALSE,FALSE,TRUE,FALSE,FALSE,FALSE,FALSE,,yes,,no,,,,,,,,no,no,no,none,FALSE,FALSE,FALSE,FALSE,FALSE,FALSE,FALSE,FALSE,FALSE,TRUE,FALSE,FALSE,none,FALSE,FALSE,FALSE,FALSE,FALSE,FALSE,FALSE,FALSE,FALSE,TRUE,FALSE,FALSE,more_75%,no,,btw_50%_75%,,yes,no,no,no,,,Food clothing summerization,FALSE,FALSE,FALSE,TRUE,FALSE,FALSE,FALSE,FALSE,FALSE,FALSE,FALSE,FALSE,FALSE,TRUE,TRUE,FALSE,
pole1060,Kerbala,Kerbala,32.50139579,44.13704239,IQ1202-0429-013,yes,collective_shelter,2/19/17,0,0,0,0,0,0,11,0,0,0,0,0,,11,yes,7/6/14,Telafar,2,3,6,7,9,11,1,2,41,yes,0,0,0,3,0,0,1,0,2,no,priv,inf,free,no,,stay,,yes,local_auth,FALSE,FALSE,TRUE,FALSE,FALSE,,,no,no_risk,no,less_25%,"poor, wiring",FALSE,TRUE,FALSE,FALSE,FALSE,FALSE,FALSE,,none,FALSE,FALSE,FALSE,FALSE,TRUE,FALSE,,yes,,btw_25%_50%,clean_water,less_25%,no,,3,0,0,0,0,6,0,0,0,0,yes,btw_50%_75%,yes,btw_50%_75%,yes,10,purchase,FALSE,FALSE,FALSE,FALSE,FALSE,FALSE,FALSE,TRUE,FALSE,FALSE,FALSE,no,no,no_septic_tank,every_week,,no,no,less_25%,less_25%,no,less_25%,less_25%,less_25%,no,,yes,btw_50%_75%,jerrycan_for_kerosene,btw_50%_75%,none,yes,,btw_50_75_percent,more_75_percent,more_75_percent,btw_50_75_percent,btw_50_75_percent,btw_50_75_percent,btw_50_75_percent,btw_50_75_percent,matresses and blankets,,yes,yes,no,,,,,,,,,,,,,,,,,,,trauma_support,TRUE,FALSE,do_not_know,FALSE,FALSE,FALSE,FALSE,FALSE,FALSE,FALSE,TRUE,,no,every_month,dry_ration,TRUE,FALSE,FALSE,FALSE,FALSE,main_concern6,FALSE,FALSE,FALSE,FALSE,FALSE,TRUE,FALSE,FALSE,FALSE,,yes,,no,,,,,,,,yes,no,no,none,FALSE,FALSE,FALSE,FALSE,FALSE,FALSE,FALSE,FALSE,FALSE,TRUE,FALSE,FALSE,none,FALSE,FALSE,FALSE,FALSE,FALSE,FALSE,FALSE,FALSE,FALSE,TRUE,FALSE,FALSE,more_75%,no,,less_25%,,yes,no,no,no,,,employment Food Sanitation,FALSE,FALSE,TRUE,TRUE,FALSE,FALSE,FALSE,FALSE,FALSE,FALSE,TRUE,FALSE,FALSE,FALSE,FALSE,FALSE,
pole1000,Kerbala,Kerbala,32.47837275,44.15351128,IQ1202-0429-017,yes,collective_shelter,2/19/17,0,0,0,0,0,0,7,0,0,0,0,0,,7,yes,7/5/14,Telafar,2,3,5,3,10,11,4,2,40,yes,0,0,0,1,0,0,0,0,0,no,priv,inf,free,no,,stay,,no,,,,,,,,,no,no_risk,no,btw_25%_50%,"low, uncovered, points",FALSE,FALSE,TRUE,FALSE,FALSE,FALSE,FALSE,,fire_blankets,FALSE,TRUE,FALSE,FALSE,FALSE,FALSE,,yes,,btw_50%_75%,clean_water,less_25%,no,,1,0,0,0,0,1,3,0,0,0,yes,more_75%,yes,btw_50%_75%,yes,5,trucking purchase,FALSE,FALSE,TRUE,FALSE,FALSE,FALSE,FALSE,TRUE,FALSE,FALSE,FALSE,no,no,no,every_week,,no,no,less_25%,less_25%,no,less_25%,less_25%,less_25%,no,,yes,less_25%,jerrycan_for_kerosene,btw_25%_50%,coolbox,yes,,btw_25_50_percent,btw_25_50_percent,less_25_percent,btw_25_50_percent,btw_25_50_percent,btw_25_50_percent,btw_25_50_percent,less_25_percent,,,yes,yes,no,,,,,,,,,,,,,,,,,,,gbv_support,FALSE,TRUE,diarrhoea,TRUE,FALSE,FALSE,FALSE,FALSE,FALSE,FALSE,FALSE,,no,rarely,voucher,FALSE,FALSE,FALSE,FALSE,TRUE,main_concern5,FALSE,FALSE,FALSE,FALSE,TRUE,FALSE,FALSE,FALSE,FALSE,,no,,no,,,,,,,,yes,no,no,none,FALSE,FALSE,FALSE,FALSE,FALSE,FALSE,FALSE,FALSE,FALSE,TRUE,FALSE,FALSE,none,FALSE,FALSE,FALSE,FALSE,FALSE,FALSE,FALSE,FALSE,FALSE,TRUE,FALSE,FALSE,btw_25%_50%,no,,less_25%,,yes,no,no,no,,,education employment Water,FALSE,TRUE,TRUE,FALSE,FALSE,FALSE,FALSE,FALSE,TRUE,FALSE,FALSE,FALSE,FALSE,FALSE,FALSE,FALSE,
Alimam alhussein 1055,Kerbala,Kerbala,32.49981843,44.1394878,IQ1202-0430-040,yes,collective_shelter,2/19/17,0,0,0,0,0,0,6,0,0,0,0,0,,6,yes,6/25/14,Mosul,4,3,9,8,7,9,1,2,43,yes,0,0,0,0,0,0,2,0,0,no,priv,inf,free,no,,stay,,yes,local_auth,FALSE,FALSE,TRUE,FALSE,FALSE,,,no,no_risk,no,less_25%,non,FALSE,FALSE,FALSE,FALSE,FALSE,TRUE,FALSE,,none,FALSE,FALSE,FALSE,FALSE,TRUE,FALSE,,yes,,btw_25%_50%,clean_water,btw_25%_50%,no,,2,0,0,0,0,6,0,0,0,0,yes,less_25%,yes,less_25%,yes,6,purchase,FALSE,FALSE,FALSE,FALSE,FALSE,FALSE,FALSE,TRUE,FALSE,FALSE,FALSE,no,no,no_septic_tank,every_week,,no,no,btw_25%_50%,btw_25%_50%,yes,less_25%,less_25%,less_25%,no,,yes,btw_25%_50%,none,btw_25%_50%,coolbox,no,,btw_50_75_percent,btw_50_75_percent,btw_25_50_percent,btw_50_75_percent,btw_25_50_percent,btw_25_50_percent,btw_25_50_percent,btw_25_50_percent,blankets,,yes,yes,no,,,,,,,,,,,,,,,,,,,trauma_support,TRUE,FALSE,other,FALSE,FALSE,FALSE,FALSE,FALSE,FALSE,TRUE,FALSE,,yes,every_month,dry_ration,TRUE,FALSE,FALSE,FALSE,FALSE,main_concern6,FALSE,FALSE,FALSE,FALSE,FALSE,TRUE,FALSE,FALSE,FALSE,,yes,,no,,,,,,,,yes,no,no,none,FALSE,FALSE,FALSE,FALSE,FALSE,FALSE,FALSE,FALSE,FALSE,TRUE,FALSE,FALSE,none,FALSE,FALSE,FALSE,FALSE,FALSE,FALSE,FALSE,FALSE,FALSE,TRUE,FALSE,FALSE,more_75%,no,,btw_25%_50%,,yes,no,no,no,,,employment Water summerization,FALSE,FALSE,TRUE,FALSE,FALSE,FALSE,FALSE,FALSE,TRUE,FALSE,FALSE,FALSE,FALSE,FALSE,TRUE,FALSE,
Anar Alimam Alhujja1044,Kerbala,Kerbala,32.49555015,44.14227053,IQ1202-0430-032,yes,collective_shelter,2/19/17,0,0,0,0,0,0,6,0,0,0,0,0,,6,yes,7/22/14,Telafar,3,3,5,4,7,8,0,2,32,yes,0,0,0,0,0,0,3,0,0,no,priv,inf,free,no,,stay,,yes,local_auth,FALSE,FALSE,TRUE,FALSE,FALSE,,,no,no_risk,no,less_25%,"poor, wiring overloaded, circuits",FALSE,TRUE,FALSE,FALSE,TRUE,FALSE,FALSE,,none,FALSE,FALSE,FALSE,FALSE,TRUE,FALSE,,yes,,btw_25%_50%,clean_water,less_25%,no,,4,0,0,0,0,5,0,0,0,0,yes,less_25%,yes,less_25%,yes,4,purchase,FALSE,FALSE,FALSE,FALSE,FALSE,FALSE,FALSE,TRUE,FALSE,FALSE,FALSE,no,no,no_septic_tank,every_week,,no,no,less_25%,less_25%,yes,less_25%,less_25%,less_25%,no,,yes,btw_25%_50%,jerrycan_for_kerosene,btw_25%_50%,coolbox,no,,btw_50_75_percent,btw_50_75_percent,btw_50_75_percent,btw_50_75_percent,btw_25_50_percent,btw_25_50_percent,btw_25_50_percent,btw_25_50_percent,hygeine items,,yes,yes,yes,no_medicine_hosp,FALSE,FALSE,FALSE,FALSE,FALSE,FALSE,TRUE,FALSE,FALSE,FALSE,FALSE,FALSE,FALSE,FALSE,FALSE,FALSE,FALSE,trauma_support,TRUE,FALSE,other,FALSE,FALSE,FALSE,FALSE,FALSE,FALSE,TRUE,FALSE,,yes,every_month,dry_ration voucher,TRUE,FALSE,FALSE,FALSE,TRUE,main_concern6,FALSE,FALSE,FALSE,FALSE,FALSE,TRUE,FALSE,FALSE,FALSE,,yes,,no,,,,,,,,yes,no,no,none,FALSE,FALSE,FALSE,FALSE,FALSE,FALSE,FALSE,FALSE,FALSE,TRUE,FALSE,FALSE,none,FALSE,FALSE,FALSE,FALSE,FALSE,FALSE,FALSE,FALSE,FALSE,TRUE,FALSE,FALSE,more_75%,no,,btw_25%_50%,,yes,no,no,no,,,employment shelter_support Water,FALSE,FALSE,TRUE,FALSE,FALSE,FALSE,FALSE,TRUE,TRUE,FALSE,FALSE,FALSE,FALSE,FALSE,FALSE,FALSE,
Salman Almohammadi mosque,Babylon,Hilla,32.41977377,44.47141789,IQ0603-0005,yes,collective_shelter,2/19/17,0,0,0,0,0,0,5,0,0,0,0,0,,5,yes,6/10/14,Mosul,1,2,7,4,1,5,1,1,22,yes,0,0,0,0,0,0,2,0,3,no,priv,inf,free,no,,stay,,yes,elder_religious_leaders,TRUE,FALSE,FALSE,FALSE,FALSE,,,no,no_risk,no,btw_25%_50%,non,FALSE,FALSE,FALSE,FALSE,FALSE,TRUE,FALSE,,none,FALSE,FALSE,FALSE,FALSE,TRUE,FALSE,,yes,,less_25%,clean_water,less_25%,yes,5000,0,0,0,1,0,0,0,0,3,0,yes,btw_50%_75%,yes,btw_50%_75%,yes,3,treatment_plant,FALSE,TRUE,FALSE,FALSE,FALSE,FALSE,FALSE,FALSE,FALSE,FALSE,FALSE,no,no,no,every_day,,no,no,btw_25%_50%,btw_25%_50%,yes,less_25%,less_25%,less_25%,no,,yes,more_75%,both,btw_50%_75%,both,no,,more_75_percent,more_75_percent,more_75_percent,more_75_percent,more_75_percent,more_75_percent,btw_50_75_percent,btw_50_75_percent,clothes and summer items,,no,no,yes,distance_to_treatmentcenter,FALSE,FALSE,FALSE,FALSE,FALSE,FALSE,FALSE,FALSE,FALSE,FALSE,FALSE,FALSE,FALSE,FALSE,FALSE,TRUE,FALSE,trauma_support,TRUE,FALSE,hepatitis_A_E,FALSE,FALSE,FALSE,TRUE,FALSE,FALSE,FALSE,FALSE,,yes,rarely,dry_ration,TRUE,FALSE,FALSE,FALSE,FALSE,main_concern5 main_concern6,FALSE,FALSE,FALSE,FALSE,TRUE,TRUE,FALSE,FALSE,FALSE,,yes,,yes,choose_not_answer,FALSE,FALSE,FALSE,FALSE,TRUE,,no,no,no,none,FALSE,FALSE,FALSE,FALSE,FALSE,FALSE,FALSE,FALSE,FALSE,TRUE,FALSE,FALSE,none,FALSE,FALSE,FALSE,FALSE,FALSE,FALSE,FALSE,FALSE,FALSE,TRUE,FALSE,FALSE,more_75%,no,,btw_50%_75%,,yes,no,no,no,,,Food shelter_support summerization,FALSE,FALSE,FALSE,TRUE,FALSE,FALSE,FALSE,TRUE,FALSE,FALSE,FALSE,FALSE,FALSE,FALSE,TRUE,FALSE,
Mawkeb Al Sheiba tribe 1051,Kerbala,Kerbala,32.49829088,44.13993459,IQ1202-0430-036,yes,collective_shelter,2/19/17,0,0,0,0,0,0,14,0,0,0,0,0,,14,yes,6/25/14,Telafar,5,8,12,10,18,22,4,3,82,yes,0,0,0,1,4,0,6,0,0,no,priv,inf,free,no,,stay,,yes,other,FALSE,FALSE,FALSE,TRUE,FALSE,Mukhtar of the area,,no,no_risk,no,less_25%,"overloaded, circuits",FALSE,FALSE,FALSE,FALSE,TRUE,FALSE,FALSE,,none,FALSE,FALSE,FALSE,FALSE,TRUE,FALSE,,yes,,btw_25%_50%,clean_water,btw_25%_50%,no,,3,0,0,0,0,5,0,0,0,0,yes,less_25%,yes,less_25%,yes,5,purchase,FALSE,FALSE,FALSE,FALSE,FALSE,FALSE,FALSE,TRUE,FALSE,FALSE,FALSE,no,no,no_septic_tank,every_week,,no,no,btw_25%_50%,btw_25%_50%,yes,less_25%,less_25%,less_25%,no,,yes,btw_25%_50%,none,btw_25%_50%,coolbox,no,,btw_50_75_percent,btw_50_75_percent,btw_50_75_percent,btw_50_75_percent,btw_50_75_percent,btw_50_75_percent,btw_50_75_percent,btw_50_75_percent,blankets,,yes,yes,yes,no_medicine_hosp,FALSE,FALSE,FALSE,FALSE,FALSE,FALSE,TRUE,FALSE,FALSE,FALSE,FALSE,FALSE,FALSE,FALSE,FALSE,FALSE,FALSE,trauma_support,TRUE,FALSE,other,FALSE,FALSE,FALSE,FALSE,FALSE,FALSE,TRUE,FALSE,,yes,every_month,dry_ration,TRUE,FALSE,FALSE,FALSE,FALSE,main_concern6,FALSE,FALSE,FALSE,FALSE,FALSE,TRUE,FALSE,FALSE,FALSE,,yes,,no,,,,,,,,yes,no,no,none,FALSE,FALSE,FALSE,FALSE,FALSE,FALSE,FALSE,FALSE,FALSE,TRUE,FALSE,FALSE,none,FALSE,FALSE,FALSE,FALSE,FALSE,FALSE,FALSE,FALSE,FALSE,TRUE,FALSE,FALSE,more_75%,no,,btw_25%_50%,,yes,no,no,no,,,Medical_care Water summerization,FALSE,FALSE,FALSE,FALSE,FALSE,TRUE,FALSE,FALSE,TRUE,FALSE,FALSE,FALSE,FALSE,FALSE,TRUE,FALSE,
Mawkeb abu alfadhel 1033,Kerbala,Kerbala,32.49118211,44.14623266,IQ1202-0428-008,yes,collective_shelter,2/19/17,0,0,0,0,0,0,7,0,0,0,0,0,,7,yes,7/20/14,Telafar,4,2,6,7,9,13,3,2,46,yes,0,0,0,0,0,1,5,0,0,no,priv,inf,free,no,,stay,,yes,local_auth,FALSE,FALSE,TRUE,FALSE,FALSE,,,no,no_risk,no,less_25%,non,FALSE,FALSE,FALSE,FALSE,FALSE,TRUE,FALSE,,none,FALSE,FALSE,FALSE,FALSE,TRUE,FALSE,,yes,,btw_25%_50%,clean_water,less_25%,no,,2,0,0,0,0,5,0,0,0,0,yes,less_25%,yes,less_25%,yes,3,purchase,FALSE,FALSE,FALSE,FALSE,FALSE,FALSE,FALSE,TRUE,FALSE,FALSE,FALSE,no,no,no_septic_tank,every_week,,no,no,less_25%,less_25%,no,less_25%,less_25%,less_25%,no,,yes,btw_25%_50%,jerrycan_for_kerosene,btw_25%_50%,coolbox,no,,btw_50_75_percent,btw_50_75_percent,btw_50_75_percent,btw_50_75_percent,btw_50_75_percent,btw_50_75_percent,btw_50_75_percent,btw_50_75_percent,Kerosene and a stove,,yes,yes,no,,,,,,,,,,,,,,,,,,,trauma_support,TRUE,FALSE,other,FALSE,FALSE,FALSE,FALSE,FALSE,FALSE,TRUE,FALSE,,yes,every_month,dry_ration,TRUE,FALSE,FALSE,FALSE,FALSE,main_concern6,FALSE,FALSE,FALSE,FALSE,FALSE,TRUE,FALSE,FALSE,FALSE,,yes,,no,,,,,,,,yes,no,no,none,FALSE,FALSE,FALSE,FALSE,FALSE,FALSE,FALSE,FALSE,FALSE,TRUE,FALSE,FALSE,none,FALSE,FALSE,FALSE,FALSE,FALSE,FALSE,FALSE,FALSE,FALSE,TRUE,FALSE,FALSE,more_75%,no,,btw_25%_50%,,yes,no,no,no,,,employment Water summerization,FALSE,FALSE,TRUE,FALSE,FALSE,FALSE,FALSE,FALSE,TRUE,FALSE,FALSE,FALSE,FALSE,FALSE,TRUE,FALSE,